Fecha;Temporada;Club de origen_1;Club comprador_2;Valor pagado;Valor estimado;Deficit;Jugador
12-08-2026;26/27;Kairat Almaty;Chelsea;2400000;3000000;-20;Dastan Satpaev
01-07-2026;26/27;Girona;Wolves;7500000;22000000;-66;Ladislav Krejci
01-07-2026;26/27;Bayern Munich;Southampton;8000000;4000000;100;Daniel Peretz
01-07-2026;26/27;Freiburg;Everton;25000000;16000000;56;Merlin Röhl
01-07-2026;26/27;Leverkusen;Arsenal;52000000;50000000;4;Piero Hincapié
01-07-2026;26/27;Go Ahead Eagles;Stoke City;5500000;2000000;175;Milan Smit
01-07-2026;26/27;Stade Rennais;Liverpool;63600000;55000000;16;Jérémy Jacquet
01-07-2026;26/27;Sporting;Chelsea;50700000;42000000;21;Geovany Quenda
01-07-2026;26/27;LASK;Aston Villa;5500000;6000000;-8;Modou Kéba Cissé
02-02-2026;25/26;Southampton;Wolves;8100000;9000000;-10;Adam Armstrong
02-02-2026;25/26;Wolves;Crystal Palace;49700000;40000000;24;Jørgen Strand Larsen
02-02-2026;25/26;RSC Anderlecht;Sunderland;17340000;7000000;148;Nilson Angulo
01-02-2026;25/26;Malmö;Sunderland;3450000;500000;590;Melker Ellborg
30-01-2026;25/26;Man City;Fulham;31200000;25000000;25;Oscar Bobb
28-01-2026;25/26;Fulham;West Ham;2300000;8000000;-71;Adama Traoré
27-01-2026;25/26;Besiktas;Aston Villa;21000000;14000000;50;Tammy Abraham
19-01-2026;25/26;Crystal Palace;Man City;23000000;55000000;-58;Marc Guéhi
16-01-2026;25/26;Maccabi Netanya;Sunderland;4000000;375000;967;Jocelin Ta Bi
15-01-2026;25/26;Bodø/Glimt;Blackburn;4000000;2500000;60;Mathias Jørgensen
09-01-2026;25/26;Bournemouth;Man City;72000000;65000000;11;Antoine Semenyo
05-01-2026;25/26;Lazio;West Ham;29000000;25000000;16;Taty Castellanos
02-01-2026;25/26;Tottenham;Crystal Palace;40000000;35000000;14;Brennan Johnson
02-01-2026;25/26;Gil Vicente;West Ham;23000000;5000000;360;Pablo
01-01-2026;25/26;Grêmio;Aston Villa;10000000;8000000;25;Alysson
01-09-2025;25/26;Ajax;Sunderland;2900000;8000000;-64;Bertrand Traoré
01-09-2025;25/26;PSG;Man City;30000000;40000000;-25;Gianluigi Donnarumma
01-09-2025;25/26;Newcastle;Liverpool;145000000;120000000;21;Alexander Isak
01-09-2025;25/26;Brentford;Newcastle;57700000;32000000;80;Yoane Wissa
01-09-2025;25/26;Ajax;Sunderland;20000000;22000000;-9;Brian Brobbey
01-09-2025;25/26;Slo. Bratislava;Middlesbrough;7500000;8000000;-6;David Strelec
01-09-2025;25/26;Royal Antwerp;Man Utd;21000000;9000000;133;Senne Lammens
01-09-2025;25/26;Genk;Wolves;26000000;18000000;44;Tolu Arokodare
01-09-2025;25/26;Heidenheim;Southampton;9000000;3000000;200;Léo Scienza
01-09-2025;25/26;Shakhtar D.;Fulham;40000000;12000000;233;Kevin
01-09-2025;25/26;Toulouse;Crystal Palace;23000000;4000000;475;Jaydee Canvot
31-08-2025;25/26;KAA Gent;Blackburn;2200000;2000000;10;Andri Gudjohnsen
30-08-2025;25/26;Stuttgart;Newcastle;75000000;30000000;150;Nick Woltemade
30-08-2025;25/26;Banik Ostrava;Stoke City;4000000;4000000;0;Tomas Rigo
30-08-2025;25/26;Man Utd;Chelsea;46200000;45000000;3;Alejandro Garnacho
29-08-2025;25/26;Middlesbrough;Southampton;13900000;16000000;-13;Finn Azaz
29-08-2025;25/26;Villarreal;Crystal Palace;30000000;30000000;0;Yéremy Pino
29-08-2025;25/26;Monaco;West Ham;17000000;12000000;42;Soungoutou Magassa
29-08-2025;25/26;Southampton;West Ham;44000000;15000000;193;Mateus Fernandes
28-08-2025;25/26;Bournemouth;West Brom;1150000;6000000;-81;Chris Mepham
25-08-2025;25/26;Legia Warszawa;Blackburn;2100000;3000000;-30;Ryoya Morishita
25-08-2025;25/26;Southampton;Everton;40500000;25000000;62;Tyler Dibling
23-08-2025;25/26;Crystal Palace;Arsenal;69300000;55000000;26;Eberechi Eze
21-08-2025;25/26;Brentford;Southampton;3460000;6000000;-42;Mads Roerslev
19-08-2025;25/26;Hellas Verona;Wolves;12500000;8000000;56;Jackson Tchatchoua
17-08-2025;25/26;PSG;Sunderland;12000000;10000000;20;Nordi Mukiele
17-08-2025;25/26;Aston Villa;Newcastle;45150000;32000000;41;Jacob Ramsey
15-08-2025;25/26;Parma;Liverpool;29450000;18000000;64;Giovanni Leoni
12-08-2025;25/26;Getafe;Sunderland;11600000;8000000;45;Omar Alderete
12-08-2025;25/26;AC Milan;Newcastle;35000000;18000000;94;Malick Thiaw
09-08-2025;25/26;Leicester;West Ham;20800000;15000000;39;Mads Hermansen
09-08-2025;25/26;Leipzig;Man Utd;76500000;70000000;9;Benjamin Sesko
08-08-2025;25/26;Nice;Aston Villa;30000000;25000000;20;Evann Guessand
06-08-2025;25/26;Chelsea;Everton;28650000;20000000;43;Kiernan Dewsbury-Hall
04-08-2025;25/26;Hibernian FC;Blackburn;860000;900000;-4;Lewis Miller
03-08-2025;25/26;Ajax;Chelsea;44180000;35000000;26;Jorrel Hato
02-08-2025;25/26;AZ Alkmaar;Wolves;12000000;9000000;33;David Møller Wolfe
01-08-2025;25/26;NEC Nijmegen;Sunderland;10500000;4000000;163;Robin Roefs
30-07-2025;25/26;Leverkusen;Sunderland;15000000;12000000;25;Granit Xhaka
29-07-2025;25/26;Burnley;Man City;31200000;22000000;42;James Trafford
29-07-2025;25/26;Bayern Munich;Everton;9000000;4000000;125;Adam Aznou
26-07-2025;25/26;Montpellier;Fulham;500000;1500000;-67;Benjamin Lecomte
26-07-2025;25/26;Sporting;Arsenal;66900000;75000000;-11;Viktor Gyökeres
25-07-2025;25/26;Hull City;Middlesbrough;4200000;4000000;5;Alfie Jones
24-07-2025;25/26;Fluminense;Wolves;17000000;17000000;0;Jhon Arias
24-07-2025;25/26;Valencia;Arsenal;15000000;30000000;-50;Cristhian Mosquera
23-07-2025;25/26;Frankfurt;Liverpool;95000000;75000000;27;Hugo Ekitiké
21-07-2025;25/26;Brentford;Man Utd;75000000;55000000;36;Bryan Mbeumo
18-07-2025;25/26;Chelsea;Arsenal;56000000;40000000;40;Noni Madueke
18-07-2025;25/26;Montréal;West Brom;1300000;1200000;8;George Campbell
17-07-2025;25/26;Rosenborg BK;Man City;15000000;15000000;0;Sverre Nypan
15-07-2025;25/26;Stade Brestois;Aston Villa;500000;3000000;-83;Marco Bizot
15-07-2025;25/26;Bournemouth;Everton;4600000;4000000;15;Mark Travers
15-07-2025;25/26;Slavia Praha;West Ham;22000000;18000000;22;El Hadji Malick Diouf
14-07-2025;25/26;Palmeiras;Chelsea;45000000;60000000;-25;Estêvão
11-07-2025;25/26;Ajax;Crystal Palace;2300000;4500000;-49;Borna Sosa
11-07-2025;25/26;Nott'm Forest;Newcastle;61400000;42000000;46;Anthony Elanga
10-07-2025;25/26;Brentford;Arsenal;11600000;11000000;5;Christian Nørgaard
10-07-2025;25/26;KV Kortrijk;Blackburn;576000;500000;15;Ryan Alebiosu
10-07-2025;25/26;Brighton;Sunderland;24400000;28000000;-13;Simon Adingra
09-07-2025;25/26;Club Brugge;Sunderland;20000000;8000000;150;Chemsdine Talbi
09-07-2025;25/26;1.FC Köln;Southampton;8000000;6000000;33;Damion Downs
09-07-2025;25/26;Villarreal;Everton;30000000;20000000;50;Thierno Barry
07-07-2025;25/26;SK Brann;West Brom;5500000;3500000;57;Aune Heggebø
06-07-2025;25/26;Real Sociedad;Arsenal;70000000;60000000;17;Martín Zubimendi
05-07-2025;25/26;Plymouth;Stoke City;2000000;3000000;-33;Maksym Taloverov
05-07-2025;25/26;Dortmund;Chelsea;56000000;50000000;12;Jamie Gittens
05-07-2025;25/26;Cerro Porteño;Man Utd;4000000;4000000;0;Diego León
04-07-2025;25/26;Union SG;Sunderland;17000000;12000000;42;Noah Sadiki
02-07-2025;25/26;Brighton;Chelsea;63700000;50000000;27;João Pedro
01-07-2025;25/26;Chelsea;Arsenal;5800000;10000000;-42;Kepa Arrizabalaga
01-07-2025;25/26;Celta de Vigo;Wolves;27000000;30000000;-10;Jørgen Strand Larsen
01-07-2025;25/26;Leverkusen;Liverpool;40000000;50000000;-20;Jeremie Frimpong
01-07-2025;25/26;KV Kortrijk;Blackburn;750000;900000;-17;Dion De Neve
01-07-2025;25/26;Moreirense;Blackburn;2000000;800000;150;Sidnei Tavares
01-07-2025;25/26;Wolves;Man Utd;74200000;60000000;24;Matheus Cunha
01-07-2025;25/26;Leverkusen;Liverpool;125000000;140000000;-11;Florian Wirtz
01-07-2025;25/26;Nice;West Ham;40000000;25000000;60;Jean-Clair Todibo
01-07-2025;25/26;Roma;Sunderland;23750000;18000000;32;Enzo Le Fée
01-07-2025;25/26;Bournemouth;Liverpool;46900000;45000000;4;Milos Kerkez
01-07-2025;25/26;Flamengo;Everton;15000000;14000000;7;Carlos Alcaraz
01-07-2025;25/26;R. Strasbourg;Sunderland;31500000;20000000;58;Habib Diarra
01-07-2025;25/26;Kasimpasa;Aston Villa;7000000;7500000;-7;Yasin Özcan
01-07-2025;25/26;Independiente;Chelsea;10000000;10000000;0;Kendry Páez
01-07-2025;25/26;Celta de Vigo;Wolves;23000000;5000000;360;Fer López
10-06-2025;25/26;Chelsea;Man City;2400000;600000;300;Marcus Bettinelli
10-06-2025;25/26;AC Milan;Man City;54900000;50000000;10;Tijjani Reijnders
10-06-2025;25/26;Lyon;Man City;36500000;45000000;-19;Rayan Cherki
10-06-2025;25/26;Sporting;Chelsea;22270000;20000000;11;Dário Essugo
09-06-2025;25/26;Wolves;Man City;36800000;35000000;5;Rayan Aït-Nouri
09-06-2025;25/26;R. Strasbourg;Chelsea;14000000;20000000;-30;Mamadou Sarr
04-06-2025;25/26;Ipswich;Chelsea;35500000;40000000;-11;Liam Delap
03-02-2025;24/25;Stade Reims;Wolves;18000000;10000000;80;Marshall Munetsi
03-02-2025;24/25;Porto;Man City;60000000;18000000;233;Nico González
03-02-2025;24/25;Randers FC;West Brom;4000000;500000;700;Tammer Bany
03-02-2025;24/25;Red Star;Wolves;12000000;7000000;71;Nasser Djiga
03-02-2025;24/25;Saint-Étienne;Chelsea;15000000;5000000;200;Mathis Amougou
02-02-2025;24/25;Lecce;Man Utd;30000000;20000000;50;Patrick Dorgu
01-02-2025;24/25;Zenit S-Pb;Sunderland;6000000;4000000;50;Wilson Isidor
01-02-2025;24/25;Arsenal U21;Man Utd;1800000;300000;500;Ayden Heaven
27-01-2025;24/25;Real Valladolid;Man City;6000000;1000000;500;Juma Bah
25-01-2025;24/25;Ipswich;Middlesbrough;710000;350000;103;George Edmundson
23-01-2025;24/25;Frankfurt;Man City;75000000;60000000;25;Omar Marmoush
22-01-2025;24/25;Standard Liège;West Brom;3000000;3000000;0;Isaac Price
21-01-2025;24/25;Palmeiras;Man City;37000000;14000000;164;Vitor Reis
21-01-2025;24/25;Levante;Aston Villa;7000000;1200000;483;Andrés García
20-01-2025;24/25;Lens;Man City;40000000;12000000;233;Abdukodir Khusanov
18-01-2025;24/25;Millwall;Crystal Palace;14200000;5000000;184;Romain Esse
15-01-2025;24/25;Parma;Leicester;2000000;2000000;0;Woyo Coulibaly
14-01-2025;24/25;Dortmund;Aston Villa;25000000;28000000;-11;Donyell Malen
09-01-2025;24/25;Stade Reims;Wolves;20000000;10000000;100;Emmanuel Agbadou
09-01-2025;24/25;Valenciennes FC;Southampton;5000000;800000;525;Joachim Kayi Sanda
30-08-2024;24/25;Crystal Palace;Wolves;11900000;10000000;19;Sam Johnstone
30-08-2024;24/25;Celtic;West Brom;3500000;3000000;17;Mikey Johnston
30-08-2024;24/25;Arsenal;Crystal Palace;29700000;30000000;-1;Eddie Nketiah
30-08-2024;24/25;Fehérvár;Blackburn;1200000;700000;71;Balázs Tóth
30-08-2024;24/25;Arsenal;Southampton;21400000;25000000;-14;Aaron Ramsdale
30-08-2024;24/25;Wolfsburg;Crystal Palace;18000000;20000000;-10;Maxence Lacroix
30-08-2024;24/25;PSG;Man Utd;50000000;45000000;11;Manuel Ugarte
30-08-2024;24/25;Fluminense;Wolves;22000000;25000000;-12;André
30-08-2024;24/25;Radnicki 1923;Sunderland;3500000;700000;400;Milan Aleksic
29-08-2024;24/25;Juventus;Liverpool;12000000;35000000;-66;Federico Chiesa
29-08-2024;24/25;Genk;Leicester;22500000;30000000;-25;Bilal El Khannouss
27-08-2024;24/25;Real Sociedad;Arsenal;32000000;50000000;-36;Mikel Merino
27-08-2024;24/25;Valencia;Liverpool;30000000;45000000;-33;Giorgi Mamardashvili
27-08-2024;24/25;Genk;Chelsea;20000000;1000000;1900;Mike Penders
24-08-2024;24/25;Barnsley;West Brom;600000;2500000;-76;Callum Styles
23-08-2024;24/25;Crystal Palace;Leicester;5900000;4000000;48;Jordan Ayew
23-08-2024;24/25;Crystal Palace;Fulham;29500000;35000000;-16;Joachim Andersen
22-08-2024;24/25;Burnley;Fulham;23550000;20000000;18;Sander Berge
21-08-2024;24/25;Atlético;Chelsea;52000000;30000000;73;João Félix
20-08-2024;24/25;Sporting;Southampton;15000000;8000000;88;Mateus Fernandes
19-08-2024;24/25;Tottenham;Leicester;23500000;15000000;57;Oliver Skipp
16-08-2024;24/25;Aston Villa;Southampton;17600000;13000000;35;Cameron Archer
16-08-2024;24/25;Bristol City;Middlesbrough;5300000;4000000;33;Tommy Conway
15-08-2024;24/25;São Paulo;Southampton;900000;800000;13;Juan
13-08-2024;24/25;Bayern Munich;Man Utd;45000000;65000000;-31;Matthijs de Ligt
13-08-2024;24/25;Bayern Munich;Man Utd;15000000;30000000;-50;Noussair Mazraoui
13-08-2024;24/25;Man Utd;West Ham;17600000;20000000;-12;Aaron Wan-Bissaka
12-08-2024;24/25;Celtic B;Stoke City;2340000;300000;680;Bosun Lawal
11-08-2024;24/25;Wolves;Chelsea;60000000;55000000;9;Pedro Neto
08-08-2024;24/25;Sheff Utd;Newcastle;11600000;3000000;287;William Osula
08-08-2024;24/25;Boca Juniors;Chelsea;16500000;3000000;450;Aarón Anselmino
05-08-2024;24/25;Dortmund;West Ham;27000000;15000000;80;Niclas Füllkrug
03-08-2024;24/25;Leeds;West Ham;29300000;20000000;47;Crysencio Summerville
03-08-2024;24/25;Villarreal;Fulham;6700000;6000000;12;Jorge Cuenca
02-08-2024;24/25;Arsenal;Fulham;31800000;22000000;45;Emile Smith Rowe
01-08-2024;24/25;Marseille;Crystal Palace;15000000;18000000;-17;Ismaïla Sarr
30-07-2024;24/25;Villarreal;Southampton;8300000;8000000;4;Ben Brereton Díaz
30-07-2024;24/25;Villarreal;Chelsea;24500000;20000000;23;Filip Jørgensen
30-07-2024;24/25;Lyon;Everton;19500000;12000000;63;Jake O'Brien
29-07-2024;24/25;Bologna;Arsenal;43700000;45000000;-3;Riccardo Calafiori
22-07-2024;24/25;Everton;Aston Villa;59350000;50000000;19;Amadou Onana
22-07-2024;24/25;Atlanta;Chelsea;10100000;5000000;102;Caleb Wiley
19-07-2024;24/25;Hull City;Aston Villa;16000000;15000000;7;Jaden Philogene
18-07-2024;24/25;Troyes;Man City;25000000;50000000;-50;Savinho
18-07-2024;24/25;Lille;Man Utd;62000000;50000000;24;Leny Yoro
16-07-2024;24/25;West Ham;Southampton;17850000;9000000;98;Flynn Downes
14-07-2024;24/25;AZ Alkmaar;Southampton;7000000;12000000;-42;Yukinari Sugawara
14-07-2024;24/25;Bologna;Man Utd;42500000;50000000;-15;Joshua Zirkzee
12-07-2024;24/25;Basel;Chelsea;14000000;3000000;367;Renato Veiga
11-07-2024;24/25;Sheff Utd;Aston Villa;16650000;13000000;28;Cameron Archer
09-07-2024;24/25;Atalanta BC;Leicester;14000000;8000000;75;Caleb Okoli
07-07-2024;24/25;Chelsea U21;Leicester;5900000;300000;1867;Michael Golding
06-07-2024;24/25;Wolves;West Ham;47500000;32000000;48;Maximilian Kilman
05-07-2024;24/25;Swansea;Southampton;3500000;3800000;-8;Nathan Wood
04-07-2024;24/25;Brentford;Arsenal;31900000;35000000;-9;David Raya
04-07-2024;24/25;Brommapojkarna;West Brom;600000;500000;20;Torbjørn Heggem
03-07-2024;24/25;Marseille;Everton;18000000;15000000;20;Iliman Ndiaye
03-07-2024;24/25;Peterborough;Southampton;3500000;3800000;-8;Ronnie Edwards
02-07-2024;24/25;Leicester;Chelsea;35400000;30000000;18;Kiernan Dewsbury-Hall
02-07-2024;24/25;Real Betis;Crystal Palace;15000000;15000000;0;Chadi Riad
01-07-2024;24/25;Nott'm Forest;Newcastle;23600000;7000000;237;Odysseas Vlachodimos
01-07-2024;24/25;Luton;Aston Villa;5900000;8000000;-26;Ross Barkley
01-07-2024;24/25;Rotherham;Stoke City;1000000;2800000;-64;Viktor Johansson
01-07-2024;24/25;Man City;Wolves;5000000;10000000;-50;Tommy Doyle
01-07-2024;24/25;Chelsea;Aston Villa;44500000;40000000;11;Ian Maatsen
01-07-2024;24/25;Man City;Southampton;23000000;22000000;5;Taylor Harwood-Bellis
01-07-2024;24/25;Columbus;Middlesbrough;3730000;3000000;24;Aidan Morris
01-07-2024;24/25;Juventus;Aston Villa;14000000;13000000;8;Samuel Iling-Junior
01-07-2024;24/25;Everton;Aston Villa;11800000;2500000;372;Lewis Dobbin
01-07-2024;24/25;Braga;Wolves;15000000;12000000;25;Rodrigo Gomes
01-07-2024;24/25;Chelsea;Newcastle;33000000;18000000;83;Lewis Hall
01-07-2024;24/25;Juventus;Aston Villa;8000000;7500000;7;Enzo Barrenechea
01-07-2024;24/25;Aston Villa;Everton;10700000;4000000;168;Tim Iroegbunam
01-07-2024;24/25;Sint-Truiden;Stoke City;1200000;2200000;-45;Eric-Junior Bocat
01-07-2024;24/25;Sporting;Leicester;16250000;10000000;63;Abdul Fatawu
01-07-2024;24/25;Aston Villa U21;Chelsea;22500000;1000000;2150;Omari Kellyman
01-07-2024;24/25;Barcelona;Chelsea;6000000;7500000;-20;Marc Guiu
01-07-2024;24/25;Palmeiras;West Ham;23000000;24000000;-4;Luís Guilherme
01-07-2024;24/25;Sport Recife;Wolves;10000000;2500000;300;Pedro Lima
01-02-2024;23/24;Middlesbrough;Aston Villa;9400000;2800000;236;Morgan Rogers
01-02-2024;23/24;Vitesse;Stoke City;4000000;3500000;14;Million Manhoef
01-02-2024;23/24;Adelaide United;Aston Villa;1500000;550000;173;Joe Gauci
01-02-2024;23/24;Standard Liège;Sunderland;1800000;600000;200;Romaine Mundle
01-02-2024;23/24;Blackburn;Crystal Palace;21100000;10000000;111;Adam Wharton
30-01-2024;23/24;Genk;Crystal Palace;8000000;10000000;-20;Daniel Muñoz
25-01-2024;23/24;River Plate;Man City;18500000;12000000;54;Claudio Echeverri
22-01-2024;23/24;Red Star;Aston Villa;7600000;2500000;204;Kosta Nedeljkovic
05-01-2024;23/24;Aston Villa U21;Middlesbrough;2900000;1500000;93;Finn Azaz
01-09-2023;23/24;Everton;Fulham;25700000;28000000;-8;Alex Iwobi
01-09-2023;23/24;Arsenal;Crystal Palace;1200000;8000000;-85;Rob Holding
01-09-2023;23/24;Fenerbahçe;Man Utd;5000000;11000000;-55;Altay Bayındır
01-09-2023;23/24;Zorya Lugansk;Sunderland;2500000;2000000;25;Nazariy Rusyn
01-09-2023;23/24;Sunderland;Southampton;9300000;2800000;232;Ross Stewart
01-09-2023;23/24;R. Strasbourg;Wolves;15000000;10000000;50;Jean-Ricner Bellegarde
01-09-2023;23/24;Bayern Munich;Liverpool;40000000;30000000;33;Ryan Gravenberch
01-09-2023;23/24;PSG;Sunderland;1000000;5000000;-80;Timothée Pembélé
01-09-2023;23/24;Man City;Chelsea;47000000;18000000;161;Cole Palmer
01-09-2023;23/24;Wolves;Man City;62000000;45000000;38;Matheus Nunes
01-09-2023;23/24;Everton;Leicester;8800000;5000000;76;Tom Cannon
31-08-2023;23/24;Man Utd;Crystal Palace;17500000;18000000;-3;Dean Henderson
31-08-2023;23/24;A. Klagenfurt;West Ham;1750000;800000;119;Andrew Irving
31-08-2023;23/24;Girona;Wolves;12000000;8000000;50;Santiago Bueno
31-08-2023;23/24;Daejeon Hana C.;Stoke City;2000000;275000;627;Jun-ho Bae
31-08-2023;23/24;Libertad;Wolves;6000000;1900000;216;Enso González
30-08-2023;23/24;Swansea;Fulham;870000;400000;118;Steven Benda
29-08-2023;23/24;Leicester;Fulham;13000000;25000000;-48;Timothy Castagne
29-08-2023;23/24;Udinese;Everton;25000000;25000000;0;Beto
27-08-2023;23/24;Ajax;West Ham;43000000;40000000;8;Mohammed Kudus
26-08-2023;23/24;New England;Chelsea;16000000;6000000;167;Djordje Petrovic
25-08-2023;23/24;Basel;Stoke City;5800000;4500000;29;Wouter Burger
24-08-2023;23/24;Stade Rennais;Man City;60000000;28000000;114;Jérémy Doku
24-08-2023;23/24;Santos;Chelsea;16000000;4000000;300;Deivid Washington
22-08-2023;23/24;Sampdoria;Stoke City;2500000;2500000;0;Mehdi Léris
22-08-2023;23/24;Stuttgart;West Ham;20000000;15000000;33;Konstantinos Mavropanos
18-08-2023;23/24;Stuttgart;Liverpool;20000000;6500000;208;Wataru Endo
18-08-2023;23/24;Southampton;Chelsea;62100000;32000000;94;Roméo Lavia
15-08-2023;23/24;Atalanta;Middlesbrough;7100000;1500000;373;Emmanuel Latte Lath
15-08-2023;23/24;Silkeborg IF;Middlesbrough;3000000;700000;329;Lukas Engel
14-08-2023;23/24;Southampton;West Ham;34800000;38000000;-8;James Ward-Prowse
14-08-2023;23/24;Brighton;Chelsea;116000000;75000000;55;Moisés Caicedo
11-08-2023;23/24;Sporting;Everton;12500000;3000000;317;Youssef Chermiti
10-08-2023;23/24;Ajax;West Ham;38000000;35000000;9;Edson Álvarez
08-08-2023;23/24;Odd;Blackburn;1000000;1700000;-41;Leopold Wahlstedt
08-08-2023;23/24;Southampton;Newcastle;37200000;25000000;49;Tino Livramento
05-08-2023;23/24;Brighton;Chelsea;23000000;22000000;5;Robert Sánchez
05-08-2023;23/24;Leipzig;Man City;90000000;75000000;20;Josko Gvardiol
05-08-2023;23/24;Atalanta;Man Utd;79800000;45000000;77;Rasmus Højlund
05-08-2023;23/24;Flamengo;Crystal Palace;20000000;9000000;122;Matheus França
04-08-2023;23/24;Monaco;Chelsea;45000000;30000000;50;Axel Disasi
01-08-2023;23/24;Stade Rennais;Chelsea;27000000;9000000;200;Lesley Ugochukwu
31-07-2023;23/24;Montpellier;Leicester;7500000;6000000;25;Stephy Mavididi
28-07-2023;23/24;Ajax;Fulham;22500000;15000000;50;Calvin Bassey
28-07-2023;23/24;FC Sochaux;Sunderland;800000;300000;167;Eliezer Mayenda
25-07-2023;23/24;Wolves;Fulham;6400000;6000000;7;Raúl Jiménez
23-07-2023;23/24;Leicester;Newcastle;44000000;35000000;26;Harvey Barnes
22-07-2023;23/24;Leverkusen;Aston Villa;55000000;50000000;10;Moussa Diaby
20-07-2023;23/24;Inter;Man Utd;50200000;35000000;43;André Onana
18-07-2023;23/24;Bröndby IF;Leicester;9040000;3500000;158;Mads Hermansen
16-07-2023;23/24;Santos;Chelsea;15000000;13000000;15;Ângelo
15-07-2023;23/24;West Ham;Arsenal;116600000;90000000;30;Declan Rice
14-07-2023;23/24;Ajax;Arsenal;40000000;42000000;-5;Jurriën Timber
12-07-2023;23/24;Villarreal;Aston Villa;33000000;45000000;-27;Pau Torres
07-07-2023;23/24;Man City U21;Middlesbrough;1200000;1800000;-33;Morgan Rogers
07-07-2023;23/24;Central Coast;Middlesbrough;585000;300000;95;Sam Silvera
05-07-2023;23/24;Chelsea;Man Utd;67700000;60000000;13;Mason Mount
03-07-2023;23/24;AC Milan;Newcastle;60800000;50000000;22;Sandro Tonali
02-07-2023;23/24;Leipzig;Liverpool;70000000;50000000;40;Dominik Szoboszlai
01-07-2023;23/24;Chelsea;Man City;29100000;38000000;-23;Mateo Kovacic
01-07-2023;23/24;Wolves;Leicester;8700000;12000000;-28;Conor Coady
01-07-2023;23/24;Tottenham;Leicester;11600000;10000000;16;Harry Winks
01-07-2023;23/24;Chelsea;Arsenal;75000000;55000000;36;Kai Havertz
01-07-2023;23/24;Leipzig;Chelsea;60000000;80000000;-25;Christopher Nkunku
01-07-2023;23/24;Atlético;Wolves;50000000;25000000;100;Matheus Cunha
01-07-2023;23/24;Brighton;Liverpool;42000000;65000000;-35;Alexis Mac Allister
01-07-2023;23/24;PSV U21;Sunderland;2000000;600000;233;Jenson Seelt
01-07-2023;23/24;FC Metz;Wolves;11000000;5000000;120;Boubacar Traoré
01-07-2023;23/24;Villarreal;Chelsea;37000000;30000000;23;Nicolas Jackson
01-07-2023;23/24;Birmingham;Sunderland;1750000;5000000;-65;Jobe Bellingham
01-07-2023;23/24;Benfica B;Sunderland;500000;600000;-17;Luís Semedo
01-07-2023;23/24;Central Coast;Sunderland;350000;250000;40;Nectarios Triantis
01-07-2023;23/24;Odense BK;Newcastle;8000000;2000000;300;Yankuba Minteh
31-01-2023;22/23;Chelsea;Arsenal;11300000;35000000;-68;Jorginho
31-01-2023;22/23;Torino;Fulham;9800000;13000000;-25;Saša Lukić
31-01-2023;22/23;Genk;Southampton;18000000;15000000;20;Paul Onuachu
31-01-2023;22/23;Stoke City;Leicester;17000000;6000000;183;Harry Souttar
31-01-2023;22/23;Stuttgart;Crystal Palace;12000000;5500000;118;Naouirou Ahamada
31-01-2023;22/23;Benfica;Chelsea;121000000;55000000;120;Enzo Fernández
31-01-2023;22/23;Stade Rennais;Southampton;25000000;18000000;39;Kamaldeen Sulemana
30-01-2023;22/23;Flamengo;Wolves;18700000;15000000;25;João Gomes
29-01-2023;22/23;Rotherham;Middlesbrough;1030000;2000000;-49;Dan Barlaser
29-01-2023;22/23;Everton;Newcastle;45600000;40000000;14;Anthony Gordon
29-01-2023;22/23;Lyon;Chelsea;30000000;15000000;100;Malo Gusto
26-01-2023;22/23;Luton;Southampton;850000;3000000;-72;James Bree
25-01-2023;22/23;Bristol City;Wolves;57000;1800000;-97;Daniel Bentley
23-01-2023;22/23;Spezia Calcio;Arsenal;19500000;8000000;144;Jakub Kiwior
23-01-2023;22/23;Chicago;Aston Villa;29500000;6000000;392;Jhon Durán
23-01-2023;22/23;Vélez Sarsfield;Man City;11000000;8500000;29;Máximo Perrone
22-01-2023;22/23;West Ham;Wolves;3750000;2500000;50;Craig Dawson
20-01-2023;22/23;Aston Villa;West Ham;12000000;16000000;-25;Danny Ings
20-01-2023;22/23;Brighton;Arsenal;24000000;30000000;-20;Leandro Trossard
20-01-2023;22/23;PSV;Chelsea;35000000;15000000;133;Noni Madueke
20-01-2023;22/23;Copenhagen;Leicester;14000000;4000000;250;Victor Kristiansen
17-01-2023;22/23;PSG;Wolves;5000000;20000000;-75;Pablo Sarabia
15-01-2023;22/23;Shakhtar D.;Chelsea;70000000;40000000;75;Mykhaylo Mudryk
13-01-2023;22/23;Nice;Wolves;11000000;7000000;57;Mario Lemina
11-01-2023;22/23;Real Betis;Aston Villa;13500000;20000000;-33;Álex Moreno
11-01-2023;22/23;Racing Club;Southampton;13650000;8500000;61;Carlos Alcaraz
06-01-2023;22/23;Dinamo Zagreb;Southampton;5750000;10000000;-43;Mislav Orsic
05-01-2023;22/23;Monaco;Chelsea;38000000;40000000;-5;Benoît Badiashile
01-01-2023;22/23;PSV;Liverpool;42000000;60000000;-30;Cody Gakpo
01-01-2023;22/23;Vasco da Gama;Chelsea;12500000;10000000;25;Andrey Santos
01-01-2023;22/23;Molde FK;Chelsea;12000000;7000000;71;David Datro Fofana
01-09-2022;22/23;Barcelona;Chelsea;12000000;15000000;-20;Pierre-Emerick Aubameyang
01-09-2022;22/23;PSG;Everton;4000000;12000000;-67;Idrissa Gueye
01-09-2022;22/23;Wolves;Aston Villa;15000000;28000000;-46;Leander Dendoncker
01-09-2022;22/23;Marseille;Southampton;8000000;16000000;-50;Duje Caleta-Car
01-09-2022;22/23;Dortmund;Man City;20000000;30000000;-33;Manuel Akanji
01-09-2022;22/23;Stade Reims;Leicester;17000000;10000000;70;Wout Faes
01-09-2022;22/23;Man Utd;Everton;10400000;7000000;49;James Garner
01-09-2022;22/23;Benfica;Fulham;5000000;8000000;-38;Carlos Vinícius
01-09-2022;22/23;Man City U21;Southampton;8000000;800000;900;Samuel Edozie
31-08-2022;22/23;Stuttgart;Wolves;18000000;25000000;-28;Sasa Kalajdzic
31-08-2022;22/23;Leicester;Chelsea;80400000;40000000;101;Wesley Fofana
31-08-2022;22/23;Le Havre AC;Sunderland;1000000;700000;43;Abdoullah Ba
30-08-2022;22/23;Ajax;Man Utd;95000000;35000000;171;Antony
29-08-2022;22/23;Lyon;West Ham;42950000;35000000;23;Lucas Paquetá
26-08-2022;22/23;Brighton;Everton;11800000;18000000;-34;Neal Maupay
26-08-2022;22/23;Real Sociedad;Newcastle;77500000;30000000;158;Alexander Isak
25-08-2022;22/23;Herediano;Sunderland;1300000;275000;373;Jewison Bennette
23-08-2022;22/23;Chelsea;West Ham;15400000;14000000;10;Emerson
22-08-2022;22/23;Real Madrid;Man Utd;70650000;40000000;77;Casemiro
19-08-2022;22/23;Inter;Chelsea;14860000;1000000;1386;Cesare Casadei
18-08-2022;22/23;Sporting;Wolves;47400000;35000000;35;Matheus Nunes
17-08-2022;22/23;PSG;West Ham;12000000;22000000;-45;Thilo Kehrer
16-08-2022;22/23;RSC Anderlecht;Man City;15000000;10000000;50;Sergio Gómez
10-08-2022;22/23;West Ham;Fulham;17800000;10000000;78;Issa Diop
10-08-2022;22/23;RCD Mallorca;Middlesbrough;3000000;1000000;200;Matthew Hoppe
09-08-2022;22/23;Lille;Everton;39870000;10000000;299;Amadou Onana
08-08-2022;22/23;Valencia;Wolves;32600000;40000000;-19;Gonçalo Guedes
05-08-2022;22/23;Burnley;West Ham;20700000;15000000;38;Maxwel Cornet
05-08-2022;22/23;Brighton;Chelsea;65300000;28000000;133;Marc Cucurella
04-08-2022;22/23;Aston Villa;Chelsea;18000000;6000000;200;Carney Chukwuemeka
02-08-2022;22/23;Arsenal;Fulham;3600000;9000000;-60;Bernd Leno
02-08-2022;22/23;Chicago;Chelsea;9090000;3000000;203;Gabriel Slonina
01-08-2022;22/23;Peterborough;Blackburn;3000000;500000;500;Sammie Szmodics
28-07-2022;22/23;Burnley;Everton;17000000;18000000;-6;Dwight McNeil
27-07-2022;22/23;Wolfsburg;Fulham;5500000;9000000;-39;Kevin Mbabu
27-07-2022;22/23;Ajax;Man Utd;57370000;32000000;79;Lisandro Martínez
27-07-2022;22/23;Bayern Munich;Crystal Palace;12000000;7500000;60;Chris Richards
26-07-2022;22/23;Sassuolo;West Ham;38600000;30000000;29;Gianluca Scamacca
25-07-2022;22/23;G. Bordeaux;Southampton;11500000;3000000;283;Sékou Mara
22-07-2022;22/23;Man City;Arsenal;35000000;25000000;40;Oleksandr Zinchenko
20-07-2022;22/23;Derry City;Bolton;100000;125000;-20;Eoin Toal
16-07-2022;22/23;Napoli;Chelsea;41900000;35000000;20;Kalidou Koulibaly
13-07-2022;22/23;Man City;Chelsea;56200000;70000000;-20;Raheem Sterling
12-07-2022;22/23;Burnley;Wolves;24300000;10000000;143;Nathan Collins
11-07-2022;22/23;Man Utd;Fulham;9500000;7500000;27;Andreas Pereira
11-07-2022;22/23;Lens;Crystal Palace;22600000;15000000;51;Cheick Doucouré
09-07-2022;22/23;Rangers;Southampton;8200000;10000000;-18;Joe Aribo
07-07-2022;22/23;Swansea;West Ham;10650000;2000000;433;Flynn Downes
06-07-2022;22/23;Man City U21;Southampton;22260000;2000000;1013;Roméo Lavia
05-07-2022;22/23;Feyenoord;Man Utd;15000000;17000000;-12;Tyrell Malacia
04-07-2022;22/23;Sporting;Fulham;24900000;25000000;0;João Palhinha
04-07-2022;22/23;Leeds;Man City;49000000;50000000;-2;Kalvin Phillips
04-07-2022;22/23;Man City;Arsenal;52200000;50000000;4;Gabriel Jesus
01-07-2022;22/23;Roma;Aston Villa;3500000;2000000;75;Robin Olsen
01-07-2022;22/23;Barcelona;Aston Villa;20000000;20000000;0;Philippe Coutinho
01-07-2022;22/23;PSG;West Ham;9300000;8000000;16;Alphonse Areola
01-07-2022;22/23;Burnley;Newcastle;11500000;15000000;-23;Nick Pope
01-07-2022;22/23;Aston Villa;Newcastle;17500000;17000000;3;Matt Targett
01-07-2022;22/23;Leipzig;Wolves;16700000;16000000;4;Hee-chan Hwang
01-07-2022;22/23;Sevilla FC;Aston Villa;31000000;40000000;-23;Diego Carlos
01-07-2022;22/23;Brighton U21;West Brom;1000000;1000000;0;Jayson Molumby
01-07-2022;22/23;Lille;Newcastle;37000000;30000000;23;Sven Botman
01-07-2022;22/23;Stade Rennais;West Ham;35000000;12000000;192;Nayef Aguerd
01-07-2022;22/23;Dortmund;Man City;60000000;150000000;-60;Erling Haaland
01-07-2022;22/23;New England;Arsenal;5900000;5000000;18;Matt Turner
01-07-2022;22/23;VfL Bochum;Southampton;12000000;10000000;20;Armel Bella-Kotchap
01-07-2022;22/23;Arsenal U21;Sunderland;2300000;2000000;15;Dan Ballard
01-07-2022;22/23;Porto;Arsenal;35000000;25000000;40;Fábio Vieira
01-07-2022;22/23;Benfica;Liverpool;85000000;55000000;55;Darwin Núñez
01-07-2022;22/23;Fulham;Liverpool;9400000;12000000;-22;Fábio Carvalho
01-07-2022;22/23;Man City U21;Southampton;14000000;5000000;180;Gavin Bazunu
01-07-2022;22/23;São Paulo;Arsenal;3500000;7000000;-50;Marquinhos
31-01-2022;21/22;Brighton;Newcastle;15000000;3500000;329;Dan Burn
31-01-2022;21/22;Colorado;Arsenal;1800000;2000000;-10;Auston Trusty
31-01-2022;21/22;Mainz;Crystal Palace;11000000;5000000;120;Jean-Philippe Mateta
31-01-2022;21/22;River Plate;Man City;21400000;20000000;7;Julián Alvarez
30-01-2022;21/22;Porto;Liverpool;49000000;40000000;23;Luis Díaz
30-01-2022;21/22;Lyon;Newcastle;42100000;30000000;40;Bruno Guimarães
28-01-2022;21/22;Suwon Bluewings;Wolves;1200000;850000;41;Sang-bin Jeong
17-01-2022;21/22;Estoril;Wolves;3500000;1000000;250;Chiquinho
14-01-2022;21/22;Charlotte;Middlesbrough;3640000;600000;507;Riley McGree
13-01-2022;21/22;Burnley;Newcastle;30000000;6000000;400;Chris Wood
13-01-2022;21/22;Everton;Aston Villa;30000000;30000000;0;Lucas Digne
07-01-2022;21/22;Atlético;Newcastle;14000000;18000000;-22;Kieran Trippier
05-01-2022;21/22;Grasshoppers;Wolves;600000;1300000;-54;Hayao Kawabe
04-01-2022;21/22;Rangers;Everton;14000000;3000000;367;Nathan Patterson
04-01-2022;21/22;Linfield;Sunderland;240000;175000;37;Trai Hume
01-01-2022;21/22;Dynamo Kyiv;Everton;23500000;17000000;38;Vitaliy Mykolenko
31-08-2021;21/22;Juventus;Man Utd;17000000;45000000;-62;Cristiano Ronaldo
31-08-2021;21/22;CSKA Moscow;West Ham;30000000;30000000;0;Nikola Vlašić
31-08-2021;21/22;Bologna;Arsenal;18600000;20000000;-7;Takehiro Tomiyasu
31-08-2021;21/22;Celtic;Crystal Palace;16300000;17000000;-4;Odsonne Édouard
28-08-2021;21/22;Chelsea;West Ham;35000000;32000000;9;Kurt Zouma
28-08-2021;21/22;Watford;Crystal Palace;7000000;7000000;0;Will Hughes
25-08-2021;21/22;Torino;Southampton;7500000;5000000;50;Lyanco
20-08-2021;21/22;Real Madrid;Arsenal;35000000;40000000;-13;Martin Ødegaard
20-08-2021;21/22;Sheff Utd;Arsenal;28000000;12000000;133;Aaron Ramsdale
20-08-2021;21/22;Flamengo;Fulham;8000000;3000000;167;Rodrigo Muniz
14-08-2021;21/22;Real Madrid;Man Utd;40000000;70000000;-43;Raphaël Varane
13-08-2021;21/22;Southampton;Leicester;17600000;18000000;-2;Jannik Vestergaard
13-08-2021;21/22;Arsenal;Newcastle;29400000;16000000;84;Joe Willock
12-08-2021;21/22;Inter;Chelsea;113000000;100000000;13;Romelu Lukaku
10-08-2021;21/22;Blackburn;Southampton;17700000;18000000;-2;Adam Armstrong
05-08-2021;21/22;Aston Villa;Man City;117500000;65000000;81;Jack Grealish
05-08-2021;21/22;Banfield;Middlesbrough;6750000;5000000;35;Martín Payero
04-08-2021;21/22;Southampton;Aston Villa;29400000;22000000;34;Danny Ings
04-08-2021;21/22;Leverkusen;Aston Villa;32000000;35000000;-9;Leon Bailey
04-08-2021;21/22;Bournemouth;Stoke City;2900000;1800000;61;Sam Surridge
30-07-2021;21/22;Brighton;Arsenal;58500000;28000000;109;Ben White
28-07-2021;21/22;Lyon;Crystal Palace;17500000;22000000;-20;Joachim Andersen
24-07-2021;21/22;Liverpool;Fulham;14000000;17000000;-18;Harry Wilson
23-07-2021;21/22;Dortmund;Man Utd;85000000;100000000;-15;Jadon Sancho
22-07-2021;21/22;Leverkusen;Everton;2000000;8000000;-75;Demarai Gray
19-07-2021;21/22;RSC Anderlecht;Arsenal;17500000;12000000;46;Albert Sambi Lokonga
18-07-2021;21/22;Chelsea;Crystal Palace;23340000;10000000;133;Marc Guéhi
17-07-2021;21/22;Fehérvár;Wolves;2000000;600000;233;Bendegúz Bolla
15-07-2021;21/22;Olympiacos;Wolves;8000000;7500000;7;José Sá
10-07-2021;21/22;Benfica;Arsenal;8000000;7000000;14;Nuno Tavares
09-07-2021;21/22;Angers SCO;Wolves;11100000;18000000;-38;Rayan Aït-Nouri
08-07-2021;21/22;Reading;Crystal Palace;9300000;15000000;-38;Michael Olise
02-07-2021;21/22;Wycombe;Middlesbrough;870000;300000;190;Uche Ikpeazu
02-07-2021;21/22;Stade Brestois;Southampton;12000000;8000000;50;Romain Perraud
02-07-2021;21/22;LOSC Lille;Leicester;20000000;28000000;-29;Boubakary Soumaré
01-07-2021;21/22;Watford;West Ham;2300000;3000000;-23;Craig Dawson
01-07-2021;21/22;Norwich;Aston Villa;38400000;35000000;10;Emiliano Buendía
01-07-2021;21/22;Leipzig;Liverpool;40000000;35000000;14;Ibrahima Konaté
01-07-2021;21/22;Atl. Nacional;Wolves;5200000;1700000;206;Yerson Mosquera
01-02-2021;20/21;Preston;Liverpool;1850000;2400000;-23;Ben Davies
31-01-2021;20/21;Ross County;Sunderland;338000;500000;-32;Ross Stewart
29-01-2021;20/21;Brentford;West Ham;23100000;22000000;5;Saïd Benrahma
26-01-2021;20/21;Marseille;Aston Villa;15800000;20000000;-21;Morgan Sanson
02-01-2021;20/21;Atalanta;Man Utd;27300000;15000000;82;Amad Diallo
01-01-2021;20/21;Silkeborg IF;West Ham;1600000;400000;300;Frederik Alves
16-10-2020;20/21;Stoke City;Crystal Palace;1100000;3500000;-69;Jack Butland
06-10-2020;20/21;Slavia Sofia;Blackburn;110000;350000;-69;Antonis Stergiakis
05-10-2020;20/21;Atlético;Arsenal;50000000;40000000;25;Thomas Partey
05-10-2020;20/21;Porto;Man Utd;15000000;40000000;-63;Alex Telles
05-10-2020;20/21;Man City U23;Fulham;1650000;2800000;-41;Tosin Adarabioyo
05-10-2020;20/21;Norwich;Everton;27500000;16000000;72;Ben Godfrey
05-10-2020;20/21;Peñarol;Man Utd;8650000;1800000;381;Facundo Pellistri
04-10-2020;20/21;CA Talleres;Man City;6500000;6700000;-3;Nahuel Bustos
02-10-2020;20/21;Slavia Praha;West Ham;6000000;2000000;200;Vladimír Coufal
02-10-2020;20/21;Saint-Étienne;Leicester;35000000;10000000;250;Wesley Fofana
29-09-2020;20/21;Benfica;Man City;71600000;35000000;105;Rúben Dias
29-09-2020;20/21;Fluminense U20;Liverpool;750000;100000;650;Marcelo Pitaluga
24-09-2020;20/21;Stade Rennais;Chelsea;24000000;7000000;243;Edouard Mendy
23-09-2020;20/21;Barcelona;Wolves;32000000;40000000;-20;Nélson Semedo
21-09-2020;20/21;Dijon;Arsenal;2000000;1200000;67;Rúnar Alex Rúnarsson
19-09-2020;20/21;Lyon;Aston Villa;18400000;9500000;94;Bertrand Traoré
19-09-2020;20/21;PAOK;Middlesbrough;4320000;3200000;35;Chuba Akpom
19-09-2020;20/21;Wolves;Liverpool;44700000;28000000;60;Diogo Jota
19-09-2020;20/21;Liverpool U23;Wolves;9800000;3600000;172;Ki-Jana Hoever
18-09-2020;20/21;Bayern Munich;Liverpool;22000000;48000000;-54;Thiago Alcántara
16-09-2020;20/21;Arsenal;Aston Villa;17400000;8000000;118;Emiliano Martínez
10-09-2020;20/21;Lyon;Fulham;3200000;5500000;-42;Kenny Tete
09-09-2020;20/21;Brentford;Aston Villa;34000000;12000000;183;Ollie Watkins
09-09-2020;20/21;Barnsley FC;Stoke City;2200000;900000;144;Jacob Brown
08-09-2020;20/21;Watford;Everton;22000000;20000000;10;Abdoulaye Doucouré
08-09-2020;20/21;Norwich;Newcastle;16500000;11000000;50;Jamal Lewis
07-09-2020;20/21;Bournemouth;Newcastle;22250000;20000000;11;Callum Wilson
05-09-2020;20/21;Napoli;Everton;24600000;28000000;-12;Allan
05-09-2020;20/21;Porto;Wolves;40000000;12000000;233;Fábio Silva
04-09-2020;20/21;Leverkusen;Chelsea;100000000;81000000;23;Kai Havertz
04-09-2020;20/21;West Ham;West Brom;13500000;4500000;200;Grady Diangana
03-09-2020;20/21;Atalanta;Leicester;20900000;18000000;16;Timothy Castagne
03-09-2020;20/21;Nott'm Forest;Aston Villa;15750000;4800000;228;Matty Cash
02-09-2020;20/21;Ajax;Man Utd;39000000;44000000;-11;Donny van de Beek
01-09-2020;20/21;Lyon;Wolves;2000000;2400000;-17;Marçal
01-09-2020;20/21;Lille;Arsenal;26000000;20000000;30;Gabriel
30-08-2020;20/21;Southampton;Fulham;6500000;2400000;171;Harrison Reed
28-08-2020;20/21;QPR;Crystal Palace;17800000;9000000;98;Eberechi Eze
26-08-2020;20/21;KAA Gent;Blackburn;500000;2400000;-79;Thomas Kaminski
26-08-2020;20/21;Leicester;Chelsea;50200000;40000000;26;Ben Chilwell
20-08-2020;20/21;Wigan;Fulham;2100000;3500000;-40;Antonee Robinson
17-08-2020;20/21;Sporting;West Brom;8250000;9500000;-13;Matheus Pereira
12-08-2020;20/21;Real Valladolid;Southampton;12000000;12000000;0;Mohammed Salisu
11-08-2020;20/21;Tottenham;Southampton;13300000;8000000;66;Kyle Walker-Peters
10-08-2020;20/21;Olympiacos;Liverpool;13000000;9000000;44;Konstantinos Tsimikas
05-08-2020;20/21;Bournemouth;Man City;45300000;28000000;62;Nathan Aké
04-08-2020;20/21;Valencia;Man City;33500000;45000000;-26;Ferran Torres
29-07-2020;20/21;KV Mechelen;Man City;4500000;1300000;246;Issa Kaboré
27-07-2020;20/21;Slavia Praha;West Ham;16200000;12000000;35;Tomáš Souček
01-07-2020;20/21;Leipzig;Chelsea;53000000;64000000;-17;Timo Werner
01-07-2020;20/21;Flamengo;Arsenal;6000000;4800000;25;Pablo Marí
01-07-2020;20/21;Ajax;Chelsea;40000000;40000000;0;Hakim Ziyech
01-07-2020;20/21;Coritiba FC;Man City;6000000;3600000;67;Yan Couto
31-01-2020;19/20;Hull City;West Brom;950000;4000000;-76;Kamil Grosicki
31-01-2020;19/20;Hull City;West Ham;21300000;10000000;113;Jarrod Bowen
30-01-2020;19/20;Olympiacos;Wolves;19600000;6000000;227;Daniel Podence
29-01-2020;19/20;Sporting;Man Utd;65000000;60000000;8;Bruno Fernandes
24-01-2020;19/20;Cardiff;Fulham;8900000;10000000;-11;Bobby De Cordova-Reid
20-01-2020;19/20;Genk;Aston Villa;10500000;12000000;-13;Ally Samatta
16-01-2020;19/20;FC St. Gallen;Middlesbrough;1100000;900000;22;Dejan Stojanovic
15-01-2020;19/20;Middlesbrough;West Ham;4700000;4500000;4;Darren Randolph
07-01-2020;19/20;Wolves;Fulham;11800000;10000000;18;Ivan Cavaleiro
01-01-2020;19/20;Salzburg;Liverpool;8500000;12500000;-32;Takumi Minamino
01-01-2020;19/20;Cukaricki;Man City;3000000;2000000;50;Slobodan Tedic
08-08-2019;19/20;Everton;Crystal Palace;3300000;5000000;-34;James McCarthy
08-08-2019;19/20;Sampdoria;Leicester;19200000;24000000;-20;Dennis Praet
08-08-2019;19/20;Amiens SC;Newcastle;5400000;2500000;116;Emil Krafth
08-08-2019;19/20;Basel;West Ham;11300000;7000000;61;Albian Ajeti
08-08-2019;19/20;Arsenal;Everton;30400000;25000000;22;Alex Iwobi
08-08-2019;19/20;Celtic;Arsenal;27000000;12500000;116;Kieran Tierney
08-08-2019;19/20;Gamba Osaka;Man City;1000000;500000;100;Ryotaro Meshino
08-08-2019;19/20;Girona;Man City;12000000;10000000;20;Pedro Porro
07-08-2019;19/20;Juventus;Man City;65000000;55000000;18;João Cancelo
06-08-2019;19/20;Estoril;Wolves;500000;225000;122;Renat Dadashov
05-08-2019;19/20;Leicester;Man Utd;87000000;50000000;74;Harry Maguire
04-08-2019;19/20;Juventus;Everton;27500000;40000000;-31;Moise Kean
02-08-2019;19/20;Mainz;Everton;25000000;28000000;-11;Jean-Philippe Gbamin
02-08-2019;19/20;Nice;Newcastle;18000000;25000000;-28;Allan Saint-Maximin
02-08-2019;19/20;Lazio;Wolves;8900000;1000000;790;Bruno Jordão
02-08-2019;19/20;Lazio;Wolves;17900000;2500000;616;Pedro Neto
01-08-2019;19/20;Burnley;Aston Villa;8800000;3000000;193;Tom Heaton
01-08-2019;19/20;Club Brugge;Aston Villa;12000000;6500000;85;Marvelous Nakamba
01-08-2019;19/20;Lille;Arsenal;80000000;65000000;23;Nicolas Pépé
30-07-2019;19/20;AC Milan;Wolves;18000000;28000000;-36;Patrick Cutrone
25-07-2019;19/20;Swansea;Crystal Palace;2800000;8000000;-65;Jordan Ayew
25-07-2019;19/20;Man City;Aston Villa;16800000;2500000;572;Douglas Luiz
25-07-2019;19/20;Saint-Étienne;Arsenal;30000000;12000000;150;William Saliba
24-07-2019;19/20;Kasimpasa;Aston Villa;10000000;6000000;67;Trezeguet
23-07-2019;19/20;Hoffenheim;Newcastle;43500000;35000000;24;Joelinton
20-07-2019;19/20;Rotherham;West Brom;1650000;1000000;65;Semi Ajayi
17-07-2019;19/20;Frankfurt;West Ham;50000000;40000000;25;Sébastien Haller
16-07-2019;19/20;Stade Reims;Aston Villa;8000000;6000000;33;Björn Engels
11-07-2019;19/20;Brentford;Aston Villa;13300000;3500000;280;Ezri Konsa
09-07-2019;19/20;Columbus Crew;Man City;6820000;5000000;36;Zack Steffen
08-07-2019;19/20;Monaco;Leicester;45000000;38000000;18;Youri Tielemans
08-07-2019;19/20;Bournemouth;Aston Villa;22300000;5000000;346;Tyrone Mings
04-07-2019;19/20;Newcastle;Leicester;33400000;20000000;67;Ayoze Pérez
04-07-2019;19/20;Atlético;Man City;70000000;80000000;-13;Rodri
03-07-2019;19/20;PSV;Man City;12000000;16000000;-25;Angeliño
01-07-2019;19/20;Real Madrid;Chelsea;45000000;35000000;29;Mateo Kovacic
01-07-2019;19/20;Liverpool;Southampton;25100000;15000000;67;Danny Ings
01-07-2019;19/20;RSC Anderlecht;Wolves;13800000;18000000;-23;Leander Dendoncker
01-07-2019;19/20;LOSC Lille;Aston Villa;9000000;7500000;20;Anwar El Ghazi
01-07-2019;19/20;Benfica;Wolves;38000000;35000000;9;Raúl Jiménez
01-07-2019;19/20;Barcelona;Everton;25000000;28000000;-11;André Gomes
01-07-2019;19/20;Wolves;Aston Villa;3400000;1000000;240;Kortney Hause
01-07-2019;19/20;Southampton;Aston Villa;15500000;7000000;121;Matt Targett
01-07-2019;19/20;Swansea;Man Utd;17800000;12000000;48;Daniel James
01-07-2019;19/20;Birmingham;Southampton;16700000;7000000;139;Ché Adams
01-07-2019;19/20;Villarreal;West Ham;28000000;25000000;12;Pablo Fornals
01-07-2019;19/20;Crystal Palace;Man Utd;55000000;35000000;57;Aaron Wan-Bissaka
01-07-2019;19/20;Standard Liège;Southampton;15700000;12000000;31;Moussa Djenepo
01-07-2019;19/20;PEC Zwolle;Liverpool;1900000;2000000;-5;Sepp van den Berg
31-01-2019;18/19;Atlético;Wolves;21000000;12000000;75;Jonny Otto
31-01-2019;18/19;Atlanta;Newcastle;24000000;15000000;60;Miguel Almirón
31-01-2019;18/19;SM Caen;Aston Villa;5000000;7000000;-29;Frédéric Guilbert
31-01-2019;18/19;Hajduk Split;Man City;6300000;550000;1045;Ante Palaversa
14-01-2019;18/19;Kawasaki Front.;Man City;1100000;700000;57;Ko Itakura
04-01-2019;18/19;Nott'm Forest;Blackburn;8300000;5000000;66;Ben Brereton Díaz
02-01-2019;18/19;Dortmund;Chelsea;64000000;50000000;28;Christian Pulisic
01-01-2019;18/19;Millwall;Middlesbrough;7800000;5000000;56;George Saville
09-08-2018;18/19;Arsenal;West Ham;4400000;7500000;-41;Lucas Pérez
09-08-2018;18/19;Barcelona;Everton;30250000;20000000;51;Yerry Mina
09-08-2018;18/19;Dinamo Zagreb;Leicester;14500000;11000000;32;Filip Benkovic
09-08-2018;18/19;Freiburg;Leicester;21100000;18000000;17;Çağlar Söyüncü
09-08-2018;18/19;Marseille;Fulham;24850000;18000000;38;Frank Anguissa
09-08-2018;18/19;Melbourne City;Man City;890000;1500000;-41;Daniel Arzani
08-08-2018;18/19;Athletic Club;Chelsea;80000000;20000000;300;Kepa Arrizabalaga
08-08-2018;18/19;Hibernian FC;Aston Villa;3100000;1750000;77;John McGinn
08-08-2018;18/19;Middlesbrough;Wolves;20000000;8000000;150;Adama Traoré
07-08-2018;18/19;FC Ingolstadt;Aston Villa;3000000;800000;275;Ørjan Nyland
06-08-2018;18/19;Newcastle;Blackburn;1900000;1500000;27;Adam Armstrong
05-08-2018;18/19;Monaco;Leicester;14000000;4000000;250;Rachid Ghezzal
02-08-2018;18/19;West Ham;Crystal Palace;10700000;12000000;-11;Cheikhou Kouyaté
02-08-2018;18/19;Mainz;Newcastle;10700000;6000000;78;Yoshinori Muto
01-08-2018;18/19;Barcelona;Everton;20200000;15000000;35;Lucas Digne
31-07-2018;18/19;PEC Zwolle;Man City;2500000;2500000;0;Philippe Sandler
30-07-2018;18/19;Newcastle;Fulham;24700000;15000000;65;Aleksandar Mitrović
30-07-2018;18/19;Charlton;Bolton;225000;300000;-25;Josh Magennis
28-07-2018;18/19;Scunthorpe Utd.;West Brom;840000;200000;320;Conor Townsend
28-07-2018;18/19;Peterborough;Sunderland;225000;400000;-44;Jack Baldwin
26-07-2018;18/19;Dep. La Coruña;Newcastle;4000000;3000000;33;Fabian Schär
24-07-2018;18/19;Monaco;Wolves;5600000;10000000;-44;João Moutinho
24-07-2018;18/19;Watford;Everton;39200000;25000000;57;Richarlison
20-07-2018;18/19;Liverpool;Leicester;14000000;2500000;460;Danny Ward
19-07-2018;18/19;Roma;Liverpool;72500000;60000000;21;Alisson
15-07-2018;18/19;Lazio;West Ham;38000000;30000000;27;Felipe Anderson
14-07-2018;18/19;Napoli;Chelsea;57000000;50000000;14;Jorginho
14-07-2018;18/19;Corinthians;West Ham;4000000;5000000;-20;Fabián Balbuena
13-07-2018;18/19;Stoke City;Liverpool;14700000;18000000;-18;Xherdan Shaqiri
13-07-2018;18/19;Mönchengladbach;Southampton;25000000;14000000;79;Jannik Vestergaard
11-07-2018;18/19;Dortmund;West Ham;20000000;23000000;-13;Andriy Yarmolenko
11-07-2018;18/19;FC Lorient;Arsenal;8000000;2500000;220;Mattéo Guendouzi
10-07-2018;18/19;Leicester;Man City;67800000;50000000;36;Riyad Mahrez
10-07-2018;18/19;Man City;Southampton;11300000;2000000;465;Angus Gunn
10-07-2018;18/19;Sampdoria;Arsenal;28650000;30000000;-5;Lucas Torreira
03-07-2018;18/19;Man Utd;West Brom;7350000;2500000;194;Sam Johnstone
02-07-2018;18/19;Bor. Dortmund;Arsenal;16000000;20000000;-20;Sokratis Papastathopoulos
01-07-2018;18/19;Swansea;West Ham;8000000;5000000;60;Lukasz Fabianski
01-07-2018;18/19;West Brom;Leicester;4000000;15000000;-73;Jonny Evans
01-07-2018;18/19;Sporting;Wolves;18000000;16000000;13;Rui Patrício
01-07-2018;18/19;Leverkusen;Arsenal;25000000;20000000;25;Bernd Leno
01-07-2018;18/19;Sparta Prague;Newcastle;4000000;4000000;0;Martin Dúbravka
01-07-2018;18/19;Celtic;Southampton;7950000;2000000;298;Stuart Armstrong
01-07-2018;18/19;Porto;Wolves;12000000;5000000;140;Willy Boly
01-07-2018;18/19;Sunderland;Middlesbrough;5700000;3000000;90;Paddy McNair
01-07-2018;18/19;Basel;Southampton;18000000;8500000;112;Mohamed Elyounoussi
01-07-2018;18/19;Shakhtar D.;Man Utd;59000000;32000000;84;Fred
01-07-2018;18/19;Porto;Leicester;22000000;20000000;10;Ricardo Pereira
01-07-2018;18/19;Monaco;Liverpool;45000000;45000000;0;Fabinho
01-07-2018;18/19;Toulouse;West Ham;25000000;22000000;14;Issa Diop
01-07-2018;18/19;Norwich;Leicester;25000000;10000000;150;James Maddison
01-07-2018;18/19;RB Leipzig;Liverpool;60000000;65000000;-8;Naby Keïta
01-07-2018;18/19;Dortmund;Newcastle;7000000;10000000;-30;Mikel Merino
01-07-2018;18/19;Atlético;Wolves;14000000;12000000;17;Diogo Jota
01-07-2018;18/19;Porto;Man Utd;22000000;15000000;47;Diogo Dalot
01-07-2018;18/19;Monaco;Wolves;2250000;500000;350;Rúben Vinagre
01-07-2018;18/19;Feirense;Stoke City;7200000;1500000;380;Peter Etebo
31-01-2018;17/18;Dortmund;Arsenal;63750000;65000000;-2;Pierre-Emerick Aubameyang
31-01-2018;17/18;Arsenal;Chelsea;17000000;20000000;-15;Olivier Giroud
31-01-2018;17/18;Galatasaray;Stoke City;16000000;7000000;129;Badou Ndiaye
31-01-2018;17/18;Midtjylland;Crystal Palace;16000000;2000000;700;Alexander Sørloth
30-01-2018;17/18;Athletic Club;Man City;65000000;25000000;160;Aymeric Laporte
30-01-2018;17/18;Roma;Chelsea;20000000;14000000;43;Emerson
30-01-2018;17/18;New York City;Man City;4000000;1750000;129;Jack Harrison
25-01-2018;17/18;Monaco;Southampton;22000000;6000000;267;Guido Carrillo
22-01-2018;17/18;Arsenal;Man Utd;34000000;70000000;-51;Alexis Sánchez
22-01-2018;17/18;Man Utd;Arsenal;34000000;35000000;-3;Henrikh Mkhitaryan
19-01-2018;17/18;Fleetwood;Blackburn;300000;500000;-40;Amari'i Bell
05-01-2018;17/18;Besiktas;Everton;22500000;10500000;114;Cenk Tosun
05-01-2018;17/18;Everton;Chelsea;16800000;25000000;-33;Ross Barkley
04-01-2018;17/18;PAS Giannina;Arsenal;2100000;450000;367;Konstantinos Mavropanos
03-01-2018;17/18;Valencia B;Wolves;2000000;1000000;100;Rafa Mir
01-01-2018;17/18;Al Ahly;West Brom;5000000;3000000;67;Ahmed Hegazy
01-01-2018;17/18;Southampton;Liverpool;84650000;30000000;182;Virgil van Dijk
31-08-2017;17/18;Liverpool;Crystal Palace;28200000;15000000;88;Mamadou Sakho
31-08-2017;17/18;Sporting CP;Leicester;20500000;25000000;-18;Adrien Silva
31-08-2017;17/18;Arsenal;Liverpool;38000000;22000000;73;Alex Oxlade-Chamberlain
31-08-2017;17/18;Torino;Chelsea;25000000;8500000;194;Davide Zappacosta
31-08-2017;17/18;Hajduk Split;Everton;10800000;4000000;170;Nikola Vlašić
25-08-2017;17/18;Leipzig;West Brom;15200000;7000000;117;Oliver Burke
22-08-2017;17/18;Lazio;Southampton;16000000;7500000;113;Wesley Hoedt
16-08-2017;17/18;Stoke City;Newcastle;5500000;3500000;57;Joselu
16-08-2017;17/18;Swansea;Everton;49400000;25000000;98;Gylfi Sigurdsson
10-08-2017;17/18;Porto;Stoke City;7700000;11000000;-30;Bruno Martins Indi
08-08-2017;17/18;Juventus;Southampton;17250000;7500000;130;Mario Lemina
07-08-2017;17/18;Halmstads BK;West Ham;3000000;400000;650;Sead Haksabanovic
03-08-2017;17/18;Man City;Leicester;27700000;15000000;85;Kelechi Iheanacho
31-07-2017;17/18;Chelsea;Man Utd;44700000;35000000;28;Nemanja Matić
26-07-2017;17/18;Blackburn;Sunderland;560000;1000000;-44;Jason Steele
24-07-2017;17/18;Monaco;Man City;57500000;13000000;342;Benjamin Mendy
24-07-2017;17/18;Ajax;Crystal Palace;9000000;5000000;80;Jaïro Riedewald
23-07-2017;17/18;Real Madrid;Man City;30000000;16000000;88;Danilo
22-07-2017;17/18;Stoke City;West Ham;22300000;15000000;49;Marko Arnautovic
22-07-2017;17/18;West Ham;Middlesbrough;5600000;2500000;124;Darren Randolph
21-07-2017;17/18;Real Madrid;Chelsea;66000000;40000000;65;Álvaro Morata
21-07-2017;17/18;Atlético Madrid;Newcastle;5000000;4000000;25;Javier Manquillo
21-07-2017;17/18;Hull City;Liverpool;9000000;7000000;29;Andrew Robertson
19-07-2017;17/18;Norwich;Newcastle;11300000;1000000;1030;Jacob Murphy
17-07-2017;17/18;Nottm Forest;Middlesbrough;17100000;5000000;242;Britt Assombalonga
15-07-2017;17/18;Monaco;Chelsea;40000000;16000000;150;Tiemoué Bakayoko
14-07-2017;17/18;Tottenham;Man City;52700000;30000000;76;Kyle Walker
13-07-2017;17/18;Toulouse;Middlesbrough;11300000;7500000;51;Martin Braithwaite
10-07-2017;17/18;Everton;Man Utd;84700000;50000000;69;Romelu Lukaku
09-07-2017;17/18;Roma;Chelsea;35000000;25000000;40;Antonio Rüdiger
08-07-2017;17/18;Porto;Wolves;17900000;10000000;79;Rúben Neves
07-07-2017;17/18;Standard Liège;Fulham;2500000;2000000;25;Ibrahima Cissé
06-07-2017;17/18;Sevilla FC;Leicester;15000000;9000000;67;Vicente Iborra
05-07-2017;17/18;Lyon;Arsenal;53000000;40000000;33;Alexandre Lacazette
04-07-2017;17/18;SD Eibar;Newcastle;10000000;5000000;100;Florian Lejeune
03-07-2017;17/18;Burnley;Everton;28500000;18000000;58;Michael Keane
03-07-2017;17/18;Málaga CF;Everton;6000000;10000000;-40;Sandro Ramírez
03-07-2017;17/18;Vitesse;West Brom;7200000;700000;929;Yuning Zhang
02-07-2017;17/18;Southampton;West Brom;13700000;10000000;37;Jay Rodríguez
01-07-2017;17/18;Rio Ave;Wolves;3000000;2500000;20;Roderick Miranda
01-07-2017;17/18;Konyaspor;Wolves;1140000;1500000;-24;Barry Douglas
01-07-2017;17/18;Sunderland;Everton;28500000;15000000;90;Jordan Pickford
01-07-2017;17/18;Roma;Liverpool;42000000;35000000;20;Mohamed Salah
01-07-2017;17/18;Hull City;Leicester;13700000;8000000;71;Harry Maguire
01-07-2017;17/18;Ajax;Everton;27000000;18000000;50;Davy Klaassen
01-07-2017;17/18;Benfica;Man Utd;35000000;22000000;59;Victor Lindelöf
01-07-2017;17/18;Benfica;Man City;40000000;22000000;82;Ederson
01-07-2017;17/18;Monaco;Man City;50000000;40000000;25;Bernardo Silva
01-07-2017;17/18;Lech Poznan;Southampton;6000000;500000;1100;Jan Bednarek
01-07-2017;17/18;KAS Eupen;Everton;8000000;7000000;14;Henry Onyekuru
01-02-2017;16/17;Atl. Venezuela;Man City;1000000;900000;11;Yangel Herrera
30-01-2017;16/17;Sunderland;Crystal Palace;10500000;6000000;75;Patrick van Aanholt
30-01-2017;16/17;Benfica;Wolves;15000000;3000000;400;Hélder Costa
25-01-2017;16/17;Barnsley;Aston Villa;3500000;250000;1300;James Bree
20-01-2017;16/17;Southampton;West Ham;9200000;6000000;53;José Fonte
13-01-2017;16/17;Leicester;Crystal Palace;13800000;8000000;73;Jeffrey Schlupp
12-01-2017;16/17;Man Utd;Everton;23000000;28000000;-18;Morgan Schneiderlin
05-01-2017;16/17;Charlton;Everton;8800000;1500000;487;Ademola Lookman
03-01-2017;16/17;Genk;Leicester;17600000;8000000;120;Wilfred Ndidi
01-01-2017;16/17;Palmeiras;Man City;32000000;16000000;100;Gabriel Jesus
07-09-2016;16/17;Boavista;Sunderland;1500000;2000000;-25;Mika
31-08-2016;16/17;Watford;West Brom;4700000;4000000;18;Allan Nyom
31-08-2016;16/17;Fiorentina;Chelsea;23000000;9000000;156;Marcos Alonso
31-08-2016;16/17;Monaco;Wolves;8000000;7500000;7;Ivan Cavaleiro
31-08-2016;16/17;Sporting;Leicester;31000000;22000000;41;Islam Slimani
31-08-2016;16/17;Aston Villa;Middlesbrough;8250000;8000000;3;Adama Traoré
31-08-2016;16/17;Sheff Utd;Everton;1800000;100000;1700;Dominic Calvert-Lewin
30-08-2016;16/17;Dep. La Coruña;Arsenal;20000000;12000000;67;Lucas Pérez
30-08-2016;16/17;Angers SCO;Wolves;4000000;4000000;0;Romain Saïss
29-08-2016;16/17;Tottenham;West Brom;15200000;13000000;17;Nacer Chadli
29-08-2016;16/17;Lille;Southampton;18700000;13000000;44;Sofiane Boufal
26-08-2016;16/17;Heracles Almelo;Wolves;2000000;650000;208;Paul Gladon
25-08-2016;16/17;Barcelona;Man City;18000000;15000000;20;Claudio Bravo
25-08-2016;16/17;FC Sion;West Ham;6400000;4500000;42;Edimilson Fernandes
24-08-2016;16/17;Tottenham;Newcastle;5900000;3000000;97;DeAndre Yedlin
23-08-2016;16/17;Leicester;Aston Villa;2300000;2000000;15;Ritchie De Laet
15-08-2016;16/17;Crystal Palace;Everton;28900000;14000000;106;Yannick Bolasie
15-08-2016;16/17;Gimnàstic;Man City;200000;500000;-60;Pablo Marí
11-08-2016;16/17;Man Utd;Sunderland;5250000;4000000;31;Paddy McNair
09-08-2016;16/17;Juventus;Man Utd;105000000;70000000;50;Paul Pogba
09-08-2016;16/17;Everton;Man City;55600000;28000000;99;John Stones
08-08-2016;16/17;Swansea;West Ham;24100000;18000000;34;André Ayew
08-08-2016;16/17;Olympiacos;West Ham;7100000;7000000;1;Arthur Masuaku
08-08-2016;16/17;CD Maldonado;Man City;4700000;8000000;-41;Gerónimo Rulli
05-08-2016;16/17;Chelsea;Sunderland;9500000;4500000;111;Papy Djilobodji
05-08-2016;16/17;Atl. Nacional;Man City;5500000;1000000;450;Marlos Moreno
03-08-2016;16/17;Cracovia;Leicester;5000000;5000000;0;Bartosz Kapustka
02-08-2016;16/17;Aston Villa;Everton;8500000;9000000;-6;Idrissa Gueye
02-08-2016;16/17;FC Schalke 04;Man City;52000000;30000000;73;Leroy Sané
01-08-2016;16/17;Crystal Palace;Southampton;4700000;3000000;57;Alex McCarthy
25-07-2016;16/17;Liverpool;Stoke City;15500000;8000000;94;Joe Allen
22-07-2016;16/17;Newcastle;Liverpool;27500000;20000000;38;Georginio Wijnaldum
22-07-2016;16/17;Bolton;Arsenal;3000000;250000;1100;Rob Holding
21-07-2016;16/17;Blackburn;Newcastle;6600000;2500000;164;Grant Hanley
18-07-2016;16/17;Sanf. Hiroshima;Arsenal;4000000;1200000;233;Takuma Asano
16-07-2016;16/17;Leicester;Chelsea;35800000;20000000;79;N'Golo Kanté
14-07-2016;16/17;KSC Lokeren;Fulham;1000000;1500000;-33;Denis Odoi
11-07-2016;16/17;Bayern Munich;Southampton;15000000;6000000;150;Pierre-Emile Højbjerg
11-07-2016;16/17;Arsenal U23;Newcastle;2900000;500000;480;Isaac Hayden
10-07-2016;16/17;Reading;Aston Villa;5900000;200000;2850;Aaron Tshibola
08-07-2016;16/17;CSKA Moscow;Leicester;19500000;18000000;8;Ahmed Musa
08-07-2016;16/17;Hellas Verona;Aston Villa;5000000;2000000;150;Pierluigi Gollini
06-07-2016;16/17;Dortmund;Man Utd;42000000;30000000;40;Henrikh Mkhitaryan
05-07-2016;16/17;West Ham;Crystal Palace;11700000;6000000;95;James Tomkins
04-07-2016;16/17;Atalanta;Middlesbrough;10500000;5000000;110;Marten de Roon
04-07-2016;16/17;Ufa;Man City;2250000;4000000;-44;Oleksandr Zinchenko
03-07-2016;16/17;Nice;Leicester;15500000;7500000;107;Nampalys Mendy
03-07-2016;16/17;Marseille;Chelsea;39000000;15000000;160;Michy Batshuayi
01-07-2016;16/17;Fulham;Wolves;300000;500000;-40;Andy Lonergan
01-07-2016;16/17;Hannover 96;Leicester;3500000;8000000;-56;Ron-Robert Zieler
01-07-2016;16/17;Dortmund;Man City;27000000;30000000;-10;İlkay Gündoğan
01-07-2016;16/17;Newcastle;Crystal Palace;15600000;9000000;73;Andros Townsend
01-07-2016;16/17;1.FSV Mainz 05;Liverpool;6200000;7000000;-11;Loris Karius
01-07-2016;16/17;Bournemouth;Newcastle;12000000;6000000;100;Matt Ritchie
01-07-2016;16/17;Mönchengladbach;Arsenal;45000000;35000000;29;Granit Xhaka
01-07-2016;16/17;KAA Gent;Newcastle;6600000;6500000;2;Matz Sels
01-07-2016;16/17;Norwich;Southampton;13500000;7500000;80;Nathan Redmond
01-07-2016;16/17;Al-Jazira;West Ham;12000000;9000000;33;Manuel Lanzini
01-07-2016;16/17;Crystal Palace;Newcastle;12000000;3000000;300;Dwight Gayle
01-07-2016;16/17;Southampton;Liverpool;41200000;20000000;106;Sadio Mané
01-07-2016;16/17;Villarreal;Man Utd;38000000;8000000;375;Eric Bailly
01-02-2016;15/16;Standard Liège;Middlesbrough;2600000;2500000;4;Julien De Sart
01-02-2016;15/16;FC Porto;Stoke City;24250000;16000000;52;Giannelli Imbula
30-01-2016;15/16;G. Bordeaux;Sunderland;11800000;7500000;57;Wahbi Khazri
30-01-2016;15/16;New York;Chelsea;4600000;150000;2967;Matt Miazga
27-01-2016;15/16;Tottenham;Newcastle;15700000;8000000;96;Andros Townsend
22-01-2016;15/16;FC Copenhagen;Leicester;6600000;3000000;120;Daniel Amartey
20-01-2016;15/16;Leeds;West Ham;4800000;3500000;37;Sam Byram
15-01-2016;15/16;Central Coast;Man City;320000;350000;-9;Anthony Cáceres
14-01-2016;15/16;Basel;Arsenal;12500000;4000000;213;Mohamed Elneny
12-01-2016;15/16;Swansea;Newcastle;16000000;12000000;33;Jonjo Shelvey
06-01-2016;15/16;Red Star;Liverpool;7000000;3000000;133;Marko Grujić
04-01-2016;15/16;Birmingham;Leicester;5100000;4000000;28;Demarai Gray
01-09-2015;15/16;River Plate;Everton;12200000;6000000;103;Ramiro Funes Mori
01-09-2015;15/16;Nott'm Forest;West Ham;9500000;2500000;280;Michail Antonio
01-09-2015;15/16;Swindon Town;Wolves;1350000;300000;350;Nathan Byrne
01-09-2015;15/16;FC Nantes;Chelsea;3500000;6500000;-46;Papy Djilobodji
01-09-2015;15/16;Celtic;Southampton;15700000;5000000;214;Virgil van Dijk
01-09-2015;15/16;Monaco;Man Utd;60000000;8000000;650;Anthony Martial
31-08-2015;15/16;Bristol City;Fulham;250000;250000;0;Ryan Fredericks
30-08-2015;15/16;Wolfsburg;Man City;76000000;45000000;69;Kevin De Bruyne
29-08-2015;15/16;Man Utd;West Brom;8300000;6000000;38;Jonny Evans
28-08-2015;15/16;Ponferradina;Man City;550000;500000;10;Rubén Sobrino
28-08-2015;15/16;Girona;Man City;300000;800000;-63;Florian Lejeune
22-08-2015;15/16;Fluminense;Chelsea;8000000;6000000;33;Kenedy
20-08-2015;15/16;Valencia;Man City;44500000;25000000;78;Nicolás Otamendi
20-08-2015;15/16;Barcelona;Chelsea;27000000;20000000;35;Pedro
20-08-2015;15/16;Bolton;Fulham;1700000;1500000;13;Tim Ream
19-08-2015;15/16;SSC Napoli;Leicester;7000000;7500000;-7;Gökhan Inler
19-08-2015;15/16;Marseille;Newcastle;18350000;12000000;53;Florian Thauvin
16-08-2015;15/16;Augsburg;Chelsea;26000000;10000000;160;Abdul Rahman Baba
14-08-2015;15/16;Barcelona B;Aston Villa;10000000;5000000;100;Adama Traoré
13-08-2015;15/16;Barnsley;Everton;1400000;75000;1767;Mason Holgate
12-08-2015;15/16;Chelsea;Southampton;7000000;2500000;180;Oriol Romeu
11-08-2015;15/16;Inter;Stoke City;17000000;17000000;0;Xherdan Shaqiri
10-08-2015;15/16;Zenit S-Pb;West Brom;17000000;15000000;13;Salomón Rondón
07-08-2015;15/16;Espanyol;Middlesbrough;3000000;4000000;-25;Cristhian Stuani
06-08-2015;15/16;Northampton;Newcastle;360000;150000;140;Ivan Toney
03-08-2015;15/16;SM Caen;Leicester;9000000;4500000;100;N'Golo Kanté
31-07-2015;15/16;FC Nantes;Aston Villa;10000000;8000000;25;Jordan Veretout
30-07-2015;15/16;RSC Anderlecht;Newcastle;12000000;8000000;50;Chancel Mbemba
27-07-2015;15/16;FC Lorient;Aston Villa;12000000;6000000;100;Jordan Ayew
23-07-2015;15/16;QPR;Crystal Palace;4900000;2500000;96;Alex McCarthy
21-07-2015;15/16;RSC Anderlecht;Newcastle;18500000;11000000;68;Aleksandar Mitrović
18-07-2015;15/16;OGC Nice;Aston Villa;11000000;4000000;175;Jordan Amavi
15-07-2015;15/16;Feyenoord;Southampton;15000000;10000000;50;Jordy Clasie
14-07-2015;15/16;Liverpool;Man City;63700000;40000000;59;Raheem Sterling
13-07-2015;15/16;Stoke City;Chelsea;11000000;12000000;-8;Asmir Begovic
13-07-2015;15/16;Southampton;Man Utd;35000000;28000000;25;Morgan Schneiderlin
11-07-2015;15/16;PSV;Newcastle;20000000;15000000;33;Georginio Wijnaldum
11-07-2015;15/16;Torino;Man Utd;18000000;12000000;50;Matteo Darmian
10-07-2015;15/16;Juventus;West Ham;11000000;9000000;22;Angelo Ogbonna
10-07-2015;15/16;Lille;Aston Villa;9000000;7500000;20;Idrissa Gueye
06-07-2015;15/16;Bursaspor;Man City;4400000;3200000;38;Enes Ünal
03-07-2015;15/16;Huddersfield;Wolves;2800000;750000;273;Conor Coady
01-07-2015;15/16;1.FSV Mainz 05;Leicester;11000000;8000000;38;Shinji Okazaki
01-07-2015;15/16;Hannover 96;Stoke City;8000000;6000000;33;Joselu
01-07-2015;15/16;Southampton;Liverpool;17700000;17000000;4;Nathaniel Clyne
01-07-2015;15/16;Sampdoria;West Ham;6000000;8000000;-25;Pedro Obiang
01-07-2015;15/16;Liverpool;Sunderland;2800000;2500000;12;Sebastián Coates
01-07-2015;15/16;Sporting;Southampton;7000000;9500000;-26;Cédric Soares
01-07-2015;15/16;Blackburn;Fulham;4200000;3000000;40;Tom Cairney
01-07-2015;15/16;Málaga CF;Southampton;7000000;7000000;0;Juanmi
01-07-2015;15/16;Barcelona;Everton;6000000;6000000;0;Gerard Deulofeu
01-07-2015;15/16;Burnley;Liverpool;8300000;12000000;-31;Danny Ings
01-07-2015;15/16;Midtjylland;Stoke City;600000;750000;-20;Jakob Haugaard
01-07-2015;15/16;PSV;Man Utd;34000000;28000000;21;Memphis Depay
01-07-2015;15/16;Charlton;Liverpool;4900000;2500000;96;Joe Gomez
02-02-2015;14/15;Fiorentina;Chelsea;31000000;32000000;-3;Juan Cuadrado
02-02-2015;14/15;Man Utd;Crystal Palace;3800000;8000000;-53;Wilfried Zaha
01-02-2015;14/15;LOSC Lille;Crystal Palace;5300000;3500000;51;Pape Souaré
28-01-2015;14/15;Villarreal;Arsenal;15000000;8000000;88;Gabriel Paulista
16-01-2015;14/15;HNK Rijeka;Leicester;9000000;4500000;100;Andrej Kramaric
13-01-2015;14/15;Valencia;Aston Villa;4200000;6000000;-30;Carles Gil
01-01-2015;14/15;Middlesbrough;Blackburn;1130000;1000000;13;Jason Steele
01-09-2014;14/15;Ajax;Man Utd;17500000;12000000;46;Daley Blind
01-09-2014;14/15;Man Utd;Arsenal;20000000;17000000;18;Danny Welbeck
01-09-2014;14/15;Salzburg;Southampton;23000000;7500000;207;Sadio Mané
26-08-2014;14/15;Real Madrid;Man Utd;75000000;50000000;50;Ángel Di María
26-08-2014;14/15;Chelsea U21;Wolves;1250000;1000000;25;George Saville
25-08-2014;14/15;AC Milan;Liverpool;20000000;27000000;-26;Mario Balotelli
20-08-2014;14/15;Sporting;Man Utd;20000000;12000000;67;Marcos Rojo
13-08-2014;14/15;Sevilla FC;Liverpool;18000000;15000000;20;Alberto Moreno
11-08-2014;14/15;Porto;Man City;45000000;28000000;61;Eliaquim Mangala
09-08-2014;14/15;Celtic;Southampton;12500000;4500000;178;Fraser Forster
09-08-2014;14/15;Nott'm Forest;Newcastle;5000000;1000000;400;Karl Darlow
09-08-2014;14/15;Nott'm Forest;Newcastle;5000000;600000;733;Jamaal Lascelles
05-08-2014;14/15;Rosenborg;West Brom;2400000;1000000;140;Cristian Gamboa
30-07-2014;14/15;Chelsea;Everton;35360000;25000000;41;Romelu Lukaku
29-07-2014;14/15;LOSC Lille;Liverpool;12630000;1000000;1163;Divock Origi
28-07-2014;14/15;Ferencváros;Everton;4800000;2500000;92;Muhamed Besic
28-07-2014;14/15;Southampton;Arsenal;20230000;2000000;912;Calum Chambers
27-07-2014;14/15;Southampton;Liverpool;25300000;12000000;111;Dejan Lovren
27-07-2014;14/15;Nice;Arsenal;4000000;5000000;-20;David Ospina
25-07-2014;14/15;Chelsea;Sunderland;1900000;3500000;-46;Patrick van Aanholt
17-07-2014;14/15;Pachuca;West Ham;15000000;1600000;838;Enner Valencia
15-07-2014;14/15;Real Murcia;Middlesbrough;2250000;1200000;88;Kike García
15-07-2014;14/15;Benfica;Liverpool;25000000;10000000;150;Lazar Markovic
13-07-2014;14/15;Montpellier;Newcastle;10000000;10000000;0;Rémy Cabella
10-07-2014;14/15;Barcelona;Arsenal;42500000;30000000;42;Alexis Sánchez
09-07-2014;14/15;Hajduk Split;Chelsea;2500000;3000000;-17;Mario Pašalić
08-07-2014;14/15;FC Twente;Southampton;14000000;10000000;40;Dušan Tadić
03-07-2014;14/15;Ipswich;West Ham;4750000;1500000;217;Aaron Cresswell
01-07-2014;14/15;Southampton;Liverpool;31000000;7500000;313;Adam Lallana
01-07-2014;14/15;FC Porto;Man City;15000000;17500000;-14;Fernando
01-07-2014;14/15;RSC Anderlecht;West Ham;7500000;7000000;7;Cheikhou Kouyaté
01-07-2014;14/15;Athletic Club;Man Utd;36000000;20000000;80;Ander Herrera
01-07-2014;14/15;Racing Club;Man City;2500000;4000000;-38;Bruno Zuculini
01-07-2014;14/15;Leverkusen;Liverpool;12000000;7500000;60;Emre Can
01-07-2014;14/15;Newcastle;Fulham;250000;750000;-67;Adam Taggart
01-07-2014;14/15;Southampton;Man Utd;37500000;13000000;188;Luke Shaw
01-07-2014;14/15;CD Tenerife;Newcastle;2000000;1000000;100;Ayoze Pérez
31-01-2014;13/14;Wolves;Crystal Palace;3650000;2500000;46;Wayne Hennessey
31-01-2014;13/14;Saint-Étienne;Chelsea;14600000;7500000;95;Kurt Zouma
26-01-2014;13/14;Basel;Chelsea;16500000;8500000;94;Mohamed Salah
24-01-2014;13/14;Chelsea;Man Utd;44730000;38000000;18;Juan Mata
15-01-2014;13/14;Benfica;Chelsea;25000000;27000000;-7;Nemanja Matić
13-01-2014;13/14;Wigan;Wolves;360000;250000;44;Nouha Dicko
11-01-2014;13/14;Le Havre AC;Leicester;500000;750000;-33;Riyad Mahrez
02-09-2013;13/14;Werder Bremen;Stoke City;2800000;7000000;-60;Marko Arnautovic
02-09-2013;13/14;Wigan;Everton;15300000;7500000;104;James McCarthy
02-09-2013;13/14;Paris SG;Liverpool;19000000;15000000;27;Mamadou Sakho
28-08-2013;13/14;Anzhi;Chelsea;35500000;30000000;18;Willian
22-08-2013;13/14;Panathinaikos;Sunderland;3000000;2000000;50;Charalampos Mavrias
01-08-2013;13/14;NK Zadar;Chelsea;2450000;400000;513;Stipe Perica
23-07-2013;13/14;O'Higgins;Chelsea;1900000;75000;2433;Cristian Cuevas
19-07-2013;13/14;Fiorentina;Man City;26000000;28000000;-7;Stevan Jovetić
18-07-2013;13/14;Sevilla FC;Crystal Palace;2000000;2500000;-20;José Campaña
17-07-2013;13/14;Sevilla FC;Man City;25000000;20000000;25;Álvaro Negredo
09-07-2013;13/14;Atlético;Everton;4000000;3000000;33;Joel Robles
04-07-2013;13/14;Vitesse;Chelsea;9400000;8000000;18;Marco van Ginkel
03-07-2013;13/14;Arsenal;Sunderland;2400000;1000000;140;Vito Mannone
03-07-2013;13/14;Peterborough;Crystal Palace;5300000;750000;607;Dwight Gayle
01-07-2013;13/14;Sevilla FC;Man City;20000000;20000000;0;Jesús Navas
01-07-2013;13/14;Lyon;Southampton;10000000;7000000;43;Dejan Lovren
01-07-2013;13/14;Sunderland;Liverpool;10600000;5500000;93;Simon Mignolet
01-07-2013;13/14;IFK Göteborg;Sunderland;1750000;1000000;75;David Moberg Karlsson
01-07-2013;13/14;Celta de Vigo;Liverpool;10800000;9000000;20;Iago Aspas
01-07-2013;13/14;Aalborg BK;Aston Villa;1500000;1500000;0;Nicklas Helenius
01-07-2013;13/14;Sevilla FC;Aston Villa;2000000;1500000;33;Antonio Luna
01-07-2013;13/14;Sevilla FC;Liverpool;8000000;5000000;60;Luis Alberto
31-01-2013;12/13;Birmingham;Stoke City;3800000;1000000;280;Jack Butland
31-01-2013;12/13;Servette FC;Newcastle;1000000;50000;1900;Kevin Mbabu
31-01-2013;12/13;Barnsley;Everton;3500000;100000;3400;John Stones
30-01-2013;12/13;Inter;Liverpool;13000000;9000000;44;Philippe Coutinho
25-01-2013;12/13;Crystal Palace;Man Utd;11750000;3500000;236;Wilfried Zaha
24-01-2013;12/13;AS Nancy;Newcastle;2500000;2000000;25;Massadio Haïdara
21-01-2013;12/13;Toulouse;Newcastle;2000000;10000000;-80;Moussa Sissoko
01-01-2013;12/13;West Brom;Leicester;1230000;1000000;23;Chris Wood
31-08-2012;12/13;Blackburn;Stoke City;4400000;4500000;-2;Steven Nzonzi
31-08-2012;12/13;Kilmarnock FC;Everton;250000;150000;67;Matty Kennedy
31-08-2012;12/13;Fiorentina;Man City;15200000;5500000;176;Matija Nastasić
30-08-2012;12/13;VVV-Venlo;Southampton;2800000;1250000;124;Maya Yoshida
24-08-2012;12/13;Marseille;Chelsea;8800000;7500000;17;César Azpilicueta
24-08-2012;12/13;Wigan;Chelsea;11500000;6500000;77;Victor Moses
24-08-2012;12/13;Bristol City;Crystal Palace;630000;250000;152;Yannick Bolasie
15-08-2012;12/13;U. de Chile;Man Utd;5500000;150000;3567;Ángelo Henríquez
10-08-2012;12/13;Swansea;Liverpool;19000000;4000000;375;Joe Allen
07-08-2012;12/13;Málaga CF;Arsenal;19000000;20000000;-5;Santi Cazorla
24-07-2012;12/13;Lens;Chelsea;500000;500000;0;Thorgan Hazard
18-07-2012;12/13;Crystal Palace;Southampton;3200000;2000000;60;Nathaniel Clyne
17-07-2012;12/13;Leeds;Bolton;320000;500000;-36;Andy Lonergan
06-07-2012;12/13;Rangers;Southampton;1000000;5000000;-80;Steven Davis
01-07-2012;12/13;1.FC Köln;Arsenal;15000000;20000000;-25;Lukas Podolski
01-07-2012;12/13;Burnley;Southampton;8650000;5000000;73;Jay Rodríguez
01-07-2012;12/13;Man Utd;Leicester;1250000;1250000;0;Ritchie De Laet
01-07-2012;12/13;Dortmund;Man Utd;16000000;22000000;-27;Shinji Kagawa
01-07-2012;12/13;Montpellier;Arsenal;12000000;13000000;-8;Olivier Giroud
01-07-2012;12/13;Portsmouth;Crystal Palace;650000;1000000;-35;Joel Ward
01-07-2012;12/13;Fleetwood;Leicester;1240000;100000;1140;Jamie Vardy
31-01-2012;11/12;Genk;Chelsea;8000000;9000000;-11;Kevin De Bruyne
26-01-2012;11/12;New York;Bolton;3100000;250000;1140;Tim Ream
20-01-2012;11/12;São Paulo;Chelsea;7500000;7500000;0;Lucas Piazón
31-08-2011;11/12;Nacional;Liverpool;12000000;2500000;380;Sebastián Coates
24-08-2011;11/12;Valencia;Chelsea;26700000;26000000;3;Juan Mata
08-08-2011;11/12;RSC Anderlecht;Chelsea;15000000;15000000;0;Romelu Lukaku
08-08-2011;11/12;Southampton;Arsenal;13800000;2500000;452;Alex Oxlade-Chamberlain
04-08-2011;11/12;Barcelona B;Chelsea;4600000;2500000;84;Oriol Romeu
26-07-2011;11/12;Genk;Chelsea;8950000;4000000;124;Thibaut Courtois
25-07-2011;11/12;US Palermo;Fulham;1600000;2100000;-24;Pajtim Kasami
07-07-2011;11/12;Chelsea Res.;Southampton;840000;1000000;-16;Jack Cork
06-07-2011;11/12;Partizan;Man City;12000000;6000000;100;Stefan Savic
01-07-2011;11/12;Aston Villa;Man Utd;18000000;18000000;0;Ashley Young
01-07-2011;11/12;Leeds;Leicester;1680000;1000000;68;Kasper Schmeichel
01-07-2011;11/12;Atlético;Man Utd;25000000;12000000;108;David de Gea
01-07-2011;11/12;Sunderland;Liverpool;18000000;8500000;112;Jordan Henderson
01-07-2011;11/12;Chunnam Dragons;Sunderland;2400000;900000;167;Dong-won Ji
31-01-2011;10/11;Ajax;Liverpool;26500000;25000000;6;Luis Suárez
28-01-2011;10/11;Iraklis;Everton;300000;600000;-50;Apostolos Vellios
07-01-2011;10/11;Wolfsburg;Man City;37000000;30000000;23;Edin Dzeko
31-08-2010;10/11;Rochdale;West Brom;300000;200000;50;Craig Dawson
17-08-2010;10/11;Aston Villa;Man City;22000000;20000000;10;James Milner
12-08-2010;10/11;Inter;Man City;29500000;26000000;13;Mario Balotelli
01-08-2010;10/11;Vit. Guimarães;Man Utd;8800000;100000;8700;Bebé
01-07-2010;10/11;Hamburger SV;Man City;12500000;15000000;-17;Jérôme Boateng
01-07-2010;10/11;Sint-Truiden;Sunderland;2500000;2500000;0;Simon Mignolet
01-07-2010;10/11;Livingston FC;Middlesbrough;225000;150000;50;Andy Halliday
01-07-2010;10/11;Charlton;Liverpool;2000000;950000;111;Jonjo Shelvey
01-07-2010;10/11;Fulham;Man Utd;8000000;2000000;300;Chris Smalling
01-07-2010;10/11;Rangers;Liverpool;2750000;1000000;175;Danny Wilson
01-02-2010;09/10;Portsmouth;Stoke City;3750000;1500000;150;Asmir Begovic
09-01-2010;09/10;Crystal Palace;Southampton;1400000;1500000;-7;José Fonte
18-08-2009;09/10;MFK Kosice;Chelsea;1750000;1500000;17;Nemanja Matić
14-08-2009;09/10;FC Seoul;Bolton;2500000;2000000;25;Chung-yong Lee
01-07-2009;09/10;Amiens SC;Blackburn;580000;700000;-17;Steven Nzonzi
08-01-2009;08/09;Stoke City;Man Utd;250000;300000;-17;Ritchie De Laet
01-01-2009;08/09;Partizan;Man Utd;7000000;4250000;65;Zoran Tosic
01-01-2009;08/09;Sligo Rovers;Everton;70000;125000;-44;Séamus Coleman
29-08-2008;08/09;Newcastle;Aston Villa;15000000;8750000;71;James Milner
18-07-2008;08/09;Liverpool;West Brom;4000000;6000000;-33;Scott Carson
01-07-2008;08/09;R. Strasbourg;Southampton;1500000;1200000;25;Morgan Schneiderlin
31-08-2007;07/08;Royal Antwerp;Stoke City;150000;300000;-50;Ritchie De Laet
08-08-2007;07/08;Heart of Midl.;Sunderland;10820000;6000000;80;Craig Gordon
02-07-2007;07/08;Sporting;Man Utd;25500000;25000000;2;Nani
01-07-2007;07/08;Aston Villa;Fulham;5900000;4600000;28;Steven Davis
01-07-2007;07/08;Legia Warszawa;Arsenal;4350000;2500000;74;Lukasz Fabianski
23-01-2007;06/07;Watford;Aston Villa;13200000;6500000;103;Ashley Young
01-07-2006;06/07;Shrewsbury;Man City;900000;250000;260;Joe Hart
04-07-2005;05/06;Villarreal;Liverpool;9800000;4500000;118;Pepe Reina
01-07-2005;05/06;Cambridge Utd.;Everton;375000;350000;7;John Ruddy
21-01-2005;04/05;Leeds;Liverpool;1400000;750000;87;Scott Carson
