Fecha;Temporada;Club de origen;Club Comprador;Valor pagado;Valor Estimado;Déficit;Jugador
12-08-2026;26/27;Kairat Almaty;Chelsea;$2,400,000.00;$3,000,000.00;-20;Dastan Satpaev
01-07-2026;26/27;Girona;Wolves;$7,500,000.00;$22,000,000.00;-65,91;Ladislav Krejci
01-07-2026;26/27;Bayern Munich;Southampton;$8,000,000.00;$4,000,000.00;100;Daniel Peretz
01-07-2026;26/27;Freiburg;Everton;$25,000,000.00;$16,000,000.00;56,25;Merlin Röhl
01-07-2026;26/27;Leverkusen;Arsenal;$52,000,000.00;$50,000,000.00;4;Piero Hincapié
01-07-2026;26/27;Go Ahead Eagles;Stoke City;$5,500,000.00;$2,000,000.00;175;Milan Smit
01-07-2026;26/27;Stade Rennais;Liverpool;$63,600,000.00;$55,000,000.00;15,64;Jérémy Jacquet
01-07-2026;26/27;Sporting;Chelsea;$50,700,000.00;$42,000,000.00;20,71;Geovany Quenda
01-07-2026;26/27;LASK;Aston Villa;$5,500,000.00;$6,000,000.00;-8,33;Modou Kéba Cissé
02-02-2026;25/26;Southampton;Wolves;$8,100,000.00;$9,000,000.00;-10;Adam Armstrong
02-02-2026;25/26;Wolves;Crystal Palace;$49,700,000.00;$40,000,000.00;24,25;Jørgen Strand Larsen
02-02-2026;25/26;RSC Anderlecht;Sunderland;$17,340,000.00;$7,000,000.00;147,71;Nilson Angulo
01-02-2026;25/26;Malmö;Sunderland;$3,450,000.00;$500,000.00;590;Melker Ellborg
30-01-2026;25/26;Man City;Fulham;$31,200,000.00;$25,000,000.00;24,8;Oscar Bobb
28-01-2026;25/26;Fulham;West Ham;$2,300,000.00;$8,000,000.00;-71,25;Adama Traoré
27-01-2026;25/26;Besiktas;Aston Villa;$21,000,000.00;$14,000,000.00;50;Tammy Abraham
19-01-2026;25/26;Crystal Palace;Man City;$23,000,000.00;$55,000,000.00;-58,18;Marc Guéhi
16-01-2026;25/26;Maccabi Netanya;Sunderland;$4,000,000.00;$375,000.00;966,67;Jocelin Ta Bi
15-01-2026;25/26;Bodø/Glimt;Blackburn;$4,000,000.00;$2,500,000.00;60;Mathias Jørgensen
09-01-2026;25/26;Bournemouth;Man City;$72,000,000.00;$65,000,000.00;10,77;Antoine Semenyo
05-01-2026;25/26;Lazio;West Ham;$29,000,000.00;$25,000,000.00;16;Taty Castellanos
02-01-2026;25/26;Tottenham;Crystal Palace;$40,000,000.00;$35,000,000.00;14,29;Brennan Johnson
02-01-2026;25/26;Gil Vicente;West Ham;$23,000,000.00;$5,000,000.00;360;Pablo
01-01-2026;25/26;Grêmio;Aston Villa;$10,000,000.00;$8,000,000.00;25;Alysson
01-09-2025;25/26;Ajax;Sunderland;$2,900,000.00;$8,000,000.00;-63,75;Bertrand Traoré
01-09-2025;25/26;PSG;Man City;$30,000,000.00;$40,000,000.00;-25;Gianluigi Donnarumma
01-09-2025;25/26;Newcastle;Liverpool;$145,000,000.00;$120,000,000.00;20,83;Alexander Isak
01-09-2025;25/26;Brentford;Newcastle;$57,700,000.00;$32,000,000.00;80,31;Yoane Wissa
01-09-2025;25/26;Ajax;Sunderland;$20,000,000.00;$22,000,000.00;-9,09;Brian Brobbey
01-09-2025;25/26;Slo. Bratislava;Middlesbrough;$7,500,000.00;$8,000,000.00;-6,25;David Strelec
01-09-2025;25/26;Royal Antwerp;Man Utd;$21,000,000.00;$9,000,000.00;133,33;Senne Lammens
01-09-2025;25/26;Genk;Wolves;$26,000,000.00;$18,000,000.00;44,44;Tolu Arokodare
01-09-2025;25/26;Heidenheim;Southampton;$9,000,000.00;$3,000,000.00;200;Léo Scienza
01-09-2025;25/26;Shakhtar D.;Fulham;$40,000,000.00;$12,000,000.00;233,33;Kevin
01-09-2025;25/26;Toulouse;Crystal Palace;$23,000,000.00;$4,000,000.00;475;Jaydee Canvot
31-08-2025;25/26;KAA Gent;Blackburn;$2,200,000.00;$2,000,000.00;10;Andri Gudjohnsen
30-08-2025;25/26;Stuttgart;Newcastle;$75,000,000.00;$30,000,000.00;150;Nick Woltemade
30-08-2025;25/26;Banik Ostrava;Stoke City;$4,000,000.00;$4,000,000.00;0;Tomas Rigo
30-08-2025;25/26;Man Utd;Chelsea;$46,200,000.00;$45,000,000.00;2,67;Alejandro Garnacho
29-08-2025;25/26;Middlesbrough;Southampton;$13,900,000.00;$16,000,000.00;-13,13;Finn Azaz
29-08-2025;25/26;Villarreal;Crystal Palace;$30,000,000.00;$30,000,000.00;0;Yéremy Pino
29-08-2025;25/26;Monaco;West Ham;$17,000,000.00;$12,000,000.00;41,67;Soungoutou Magassa
29-08-2025;25/26;Southampton;West Ham;$44,000,000.00;$15,000,000.00;193,33;Mateus Fernandes
28-08-2025;25/26;Bournemouth;West Brom;$1,150,000.00;$6,000,000.00;-80,83;Chris Mepham
25-08-2025;25/26;Legia Warszawa;Blackburn;$2,100,000.00;$3,000,000.00;-30;Ryoya Morishita
25-08-2025;25/26;Southampton;Everton;$40,500,000.00;$25,000,000.00;62;Tyler Dibling
23-08-2025;25/26;Crystal Palace;Arsenal;$69,300,000.00;$55,000,000.00;26;Eberechi Eze
21-08-2025;25/26;Brentford;Southampton;$3,460,000.00;$6,000,000.00;-42,33;Mads Roerslev
19-08-2025;25/26;Hellas Verona;Wolves;$12,500,000.00;$8,000,000.00;56,25;Jackson Tchatchoua
17-08-2025;25/26;PSG;Sunderland;$12,000,000.00;$10,000,000.00;20;Nordi Mukiele
17-08-2025;25/26;Aston Villa;Newcastle;$45,150,000.00;$32,000,000.00;41,09;Jacob Ramsey
15-08-2025;25/26;Parma;Liverpool;$29,450,000.00;$18,000,000.00;63,61;Giovanni Leoni
12-08-2025;25/26;Getafe;Sunderland;$11,600,000.00;$8,000,000.00;45;Omar Alderete
12-08-2025;25/26;AC Milan;Newcastle;$35,000,000.00;$18,000,000.00;94,44;Malick Thiaw
09-08-2025;25/26;Leicester;West Ham;$20,800,000.00;$15,000,000.00;38,67;Mads Hermansen
09-08-2025;25/26;Leipzig;Man Utd;$76,500,000.00;$70,000,000.00;9,29;Benjamin Sesko
08-08-2025;25/26;Nice;Aston Villa;$30,000,000.00;$25,000,000.00;20;Evann Guessand
06-08-2025;25/26;Chelsea;Everton;$28,650,000.00;$20,000,000.00;43,25;Kiernan Dewsbury-Hall
04-08-2025;25/26;Hibernian FC;Blackburn;$860,000.00;$900,000.00;-4,44;Lewis Miller
03-08-2025;25/26;Ajax;Chelsea;$44,180,000.00;$35,000,000.00;26,23;Jorrel Hato
02-08-2025;25/26;AZ Alkmaar;Wolves;$12,000,000.00;$9,000,000.00;33,33;David Møller Wolfe
01-08-2025;25/26;NEC Nijmegen;Sunderland;$10,500,000.00;$4,000,000.00;162,5;Robin Roefs
30-07-2025;25/26;Leverkusen;Sunderland;$15,000,000.00;$12,000,000.00;25;Granit Xhaka
29-07-2025;25/26;Burnley;Man City;$31,200,000.00;$22,000,000.00;41,82;James Trafford
29-07-2025;25/26;Bayern Munich;Everton;$9,000,000.00;$4,000,000.00;125;Adam Aznou
26-07-2025;25/26;Montpellier;Fulham;$500,000.00;$1,500,000.00;-66,67;Benjamin Lecomte
26-07-2025;25/26;Sporting;Arsenal;$66,900,000.00;$75,000,000.00;-10,8;Viktor Gyökeres
25-07-2025;25/26;Hull City;Middlesbrough;$4,200,000.00;$4,000,000.00;5;Alfie Jones
24-07-2025;25/26;Fluminense;Wolves;$17,000,000.00;$17,000,000.00;0;Jhon Arias
24-07-2025;25/26;Valencia;Arsenal;$15,000,000.00;$30,000,000.00;-50;Cristhian Mosquera
23-07-2025;25/26;Frankfurt;Liverpool;$95,000,000.00;$75,000,000.00;26,67;Hugo Ekitiké
21-07-2025;25/26;Brentford;Man Utd;$75,000,000.00;$55,000,000.00;36,36;Bryan Mbeumo
18-07-2025;25/26;Chelsea;Arsenal;$56,000,000.00;$40,000,000.00;40;Noni Madueke
18-07-2025;25/26;Montréal;West Brom;$1,300,000.00;$1,200,000.00;8,33;George Campbell
17-07-2025;25/26;Rosenborg BK;Man City;$15,000,000.00;$15,000,000.00;0;Sverre Nypan
15-07-2025;25/26;Stade Brestois;Aston Villa;$500,000.00;$3,000,000.00;-83,33;Marco Bizot
15-07-2025;25/26;Bournemouth;Everton;$4,600,000.00;$4,000,000.00;15;Mark Travers
15-07-2025;25/26;Slavia Praha;West Ham;$22,000,000.00;$18,000,000.00;22,22;El Hadji Malick Diouf
14-07-2025;25/26;Palmeiras;Chelsea;$45,000,000.00;$60,000,000.00;-25;Estêvão
11-07-2025;25/26;Ajax;Crystal Palace;$2,300,000.00;$4,500,000.00;-48,89;Borna Sosa
11-07-2025;25/26;Nott'm Forest;Newcastle;$61,400,000.00;$42,000,000.00;46,19;Anthony Elanga
10-07-2025;25/26;Brentford;Arsenal;$11,600,000.00;$11,000,000.00;5,45;Christian Nørgaard
10-07-2025;25/26;KV Kortrijk;Blackburn;$576,000.00;$500,000.00;15,2;Ryan Alebiosu
10-07-2025;25/26;Brighton;Sunderland;$24,400,000.00;$28,000,000.00;-12,86;Simon Adingra
09-07-2025;25/26;Club Brugge;Sunderland;$20,000,000.00;$8,000,000.00;150;Chemsdine Talbi
09-07-2025;25/26;1.FC Köln;Southampton;$8,000,000.00;$6,000,000.00;33,33;Damion Downs
09-07-2025;25/26;Villarreal;Everton;$30,000,000.00;$20,000,000.00;50;Thierno Barry
07-07-2025;25/26;SK Brann;West Brom;$5,500,000.00;$3,500,000.00;57,14;Aune Heggebø
06-07-2025;25/26;Real Sociedad;Arsenal;$70,000,000.00;$60,000,000.00;16,67;Martín Zubimendi
05-07-2025;25/26;Plymouth;Stoke City;$2,000,000.00;$3,000,000.00;-33,33;Maksym Taloverov
05-07-2025;25/26;Dortmund;Chelsea;$56,000,000.00;$50,000,000.00;12;Jamie Gittens
05-07-2025;25/26;Cerro Porteño;Man Utd;$4,000,000.00;$4,000,000.00;0;Diego León
04-07-2025;25/26;Union SG;Sunderland;$17,000,000.00;$12,000,000.00;41,67;Noah Sadiki
02-07-2025;25/26;Brighton;Chelsea;$63,700,000.00;$50,000,000.00;27,4;João Pedro
01-07-2025;25/26;Chelsea;Arsenal;$5,800,000.00;$10,000,000.00;-42;Kepa Arrizabalaga
01-07-2025;25/26;Celta de Vigo;Wolves;$27,000,000.00;$30,000,000.00;-10;Jørgen Strand Larsen
01-07-2025;25/26;Leverkusen;Liverpool;$40,000,000.00;$50,000,000.00;-20;Jeremie Frimpong
01-07-2025;25/26;KV Kortrijk;Blackburn;$750,000.00;$900,000.00;-16,67;Dion De Neve
01-07-2025;25/26;Moreirense;Blackburn;$2,000,000.00;$800,000.00;150;Sidnei Tavares
01-07-2025;25/26;Wolves;Man Utd;$74,200,000.00;$60,000,000.00;23,67;Matheus Cunha
01-07-2025;25/26;Leverkusen;Liverpool;$125,000,000.00;$140,000,000.00;-10,71;Florian Wirtz
01-07-2025;25/26;Nice;West Ham;$40,000,000.00;$25,000,000.00;60;Jean-Clair Todibo
01-07-2025;25/26;Roma;Sunderland;$23,750,000.00;$18,000,000.00;31,94;Enzo Le Fée
01-07-2025;25/26;Bournemouth;Liverpool;$46,900,000.00;$45,000,000.00;4,22;Milos Kerkez
01-07-2025;25/26;Flamengo;Everton;$15,000,000.00;$14,000,000.00;7,14;Carlos Alcaraz
01-07-2025;25/26;R. Strasbourg;Sunderland;$31,500,000.00;$20,000,000.00;57,5;Habib Diarra
01-07-2025;25/26;Kasimpasa;Aston Villa;$7,000,000.00;$7,500,000.00;-6,67;Yasin Özcan
01-07-2025;25/26;Independiente;Chelsea;$10,000,000.00;$10,000,000.00;0;Kendry Páez
01-07-2025;25/26;Celta de Vigo;Wolves;$23,000,000.00;$5,000,000.00;360;Fer López
10-06-2025;25/26;Chelsea;Man City;$2,400,000.00;$600,000.00;300;Marcus Bettinelli
10-06-2025;25/26;AC Milan;Man City;$54,900,000.00;$50,000,000.00;9,8;Tijjani Reijnders
10-06-2025;25/26;Lyon;Man City;$36,500,000.00;$45,000,000.00;-18,89;Rayan Cherki
10-06-2025;25/26;Sporting;Chelsea;$22,270,000.00;$20,000,000.00;11,35;Dário Essugo
09-06-2025;25/26;Wolves;Man City;$36,800,000.00;$35,000,000.00;5,14;Rayan Aït-Nouri
09-06-2025;25/26;R. Strasbourg;Chelsea;$14,000,000.00;$20,000,000.00;-30;Mamadou Sarr
04-06-2025;25/26;Ipswich;Chelsea;$35,500,000.00;$40,000,000.00;-11,25;Liam Delap
03-02-2025;24/25;Stade Reims;Wolves;$18,000,000.00;$10,000,000.00;80;Marshall Munetsi
03-02-2025;24/25;Porto;Man City;$60,000,000.00;$18,000,000.00;233,33;Nico González
03-02-2025;24/25;Randers FC;West Brom;$4,000,000.00;$500,000.00;700;Tammer Bany
03-02-2025;24/25;Red Star;Wolves;$12,000,000.00;$7,000,000.00;71,43;Nasser Djiga
03-02-2025;24/25;Saint-Étienne;Chelsea;$15,000,000.00;$5,000,000.00;200;Mathis Amougou
02-02-2025;24/25;Lecce;Man Utd;$30,000,000.00;$20,000,000.00;50;Patrick Dorgu
01-02-2025;24/25;Zenit S-Pb;Sunderland;$6,000,000.00;$4,000,000.00;50;Wilson Isidor
01-02-2025;24/25;Arsenal U21;Man Utd;$1,800,000.00;$300,000.00;500;Ayden Heaven
27-01-2025;24/25;Real Valladolid;Man City;$6,000,000.00;$1,000,000.00;500;Juma Bah
25-01-2025;24/25;Ipswich;Middlesbrough;$710,000.00;$350,000.00;102,86;George Edmundson
23-01-2025;24/25;Frankfurt;Man City;$75,000,000.00;$60,000,000.00;25;Omar Marmoush
22-01-2025;24/25;Standard Liège;West Brom;$3,000,000.00;$3,000,000.00;0;Isaac Price
21-01-2025;24/25;Palmeiras;Man City;$37,000,000.00;$14,000,000.00;164,29;Vitor Reis
21-01-2025;24/25;Levante;Aston Villa;$7,000,000.00;$1,200,000.00;483,33;Andrés García
20-01-2025;24/25;Lens;Man City;$40,000,000.00;$12,000,000.00;233,33;Abdukodir Khusanov
18-01-2025;24/25;Millwall;Crystal Palace;$14,200,000.00;$5,000,000.00;184;Romain Esse
15-01-2025;24/25;Parma;Leicester;$2,000,000.00;$2,000,000.00;0;Woyo Coulibaly
14-01-2025;24/25;Dortmund;Aston Villa;$25,000,000.00;$28,000,000.00;-10,71;Donyell Malen
09-01-2025;24/25;Stade Reims;Wolves;$20,000,000.00;$10,000,000.00;100;Emmanuel Agbadou
09-01-2025;24/25;Valenciennes FC;Southampton;$5,000,000.00;$800,000.00;525;Joachim Kayi Sanda
30-08-2024;24/25;Crystal Palace;Wolves;$11,900,000.00;$10,000,000.00;19;Sam Johnstone
30-08-2024;24/25;Celtic;West Brom;$3,500,000.00;$3,000,000.00;16,67;Mikey Johnston
30-08-2024;24/25;Arsenal;Crystal Palace;$29,700,000.00;$30,000,000.00;-1;Eddie Nketiah
30-08-2024;24/25;Fehérvár;Blackburn;$1,200,000.00;$700,000.00;71,43;Balázs Tóth
30-08-2024;24/25;Arsenal;Southampton;$21,400,000.00;$25,000,000.00;-14,4;Aaron Ramsdale
30-08-2024;24/25;Wolfsburg;Crystal Palace;$18,000,000.00;$20,000,000.00;-10;Maxence Lacroix
30-08-2024;24/25;PSG;Man Utd;$50,000,000.00;$45,000,000.00;11,11;Manuel Ugarte
30-08-2024;24/25;Fluminense;Wolves;$22,000,000.00;$25,000,000.00;-12;André
30-08-2024;24/25;Radnicki 1923;Sunderland;$3,500,000.00;$700,000.00;400;Milan Aleksic
29-08-2024;24/25;Juventus;Liverpool;$12,000,000.00;$35,000,000.00;-65,71;Federico Chiesa
29-08-2024;24/25;Genk;Leicester;$22,500,000.00;$30,000,000.00;-25;Bilal El Khannouss
27-08-2024;24/25;Real Sociedad;Arsenal;$32,000,000.00;$50,000,000.00;-36;Mikel Merino
27-08-2024;24/25;Valencia;Liverpool;$30,000,000.00;$45,000,000.00;-33,33;Giorgi Mamardashvili
27-08-2024;24/25;Genk;Chelsea;$20,000,000.00;$1,000,000.00;1900;Mike Penders
24-08-2024;24/25;Barnsley;West Brom;$600,000.00;$2,500,000.00;-76;Callum Styles
23-08-2024;24/25;Crystal Palace;Leicester;$5,900,000.00;$4,000,000.00;47,5;Jordan Ayew
23-08-2024;24/25;Crystal Palace;Fulham;$29,500,000.00;$35,000,000.00;-15,71;Joachim Andersen
22-08-2024;24/25;Burnley;Fulham;$23,550,000.00;$20,000,000.00;17,75;Sander Berge
21-08-2024;24/25;Atlético;Chelsea;$52,000,000.00;$30,000,000.00;73,33;João Félix
20-08-2024;24/25;Sporting;Southampton;$15,000,000.00;$8,000,000.00;87,5;Mateus Fernandes
19-08-2024;24/25;Tottenham;Leicester;$23,500,000.00;$15,000,000.00;56,67;Oliver Skipp
16-08-2024;24/25;Aston Villa;Southampton;$17,600,000.00;$13,000,000.00;35,38;Cameron Archer
16-08-2024;24/25;Bristol City;Middlesbrough;$5,300,000.00;$4,000,000.00;32,5;Tommy Conway
15-08-2024;24/25;São Paulo;Southampton;$900,000.00;$800,000.00;12,5;Juan
13-08-2024;24/25;Bayern Munich;Man Utd;$45,000,000.00;$65,000,000.00;-30,77;Matthijs de Ligt
13-08-2024;24/25;Bayern Munich;Man Utd;$15,000,000.00;$30,000,000.00;-50;Noussair Mazraoui
13-08-2024;24/25;Man Utd;West Ham;$17,600,000.00;$20,000,000.00;-12;Aaron Wan-Bissaka
12-08-2024;24/25;Celtic B;Stoke City;$2,340,000.00;$300,000.00;680;Bosun Lawal
11-08-2024;24/25;Wolves;Chelsea;$60,000,000.00;$55,000,000.00;9,09;Pedro Neto
08-08-2024;24/25;Sheff Utd;Newcastle;$11,600,000.00;$3,000,000.00;286,67;William Osula
08-08-2024;24/25;Boca Juniors;Chelsea;$16,500,000.00;$3,000,000.00;450;Aarón Anselmino
05-08-2024;24/25;Dortmund;West Ham;$27,000,000.00;$15,000,000.00;80;Niclas Füllkrug
03-08-2024;24/25;Leeds;West Ham;$29,300,000.00;$20,000,000.00;46,5;Crysencio Summerville
03-08-2024;24/25;Villarreal;Fulham;$6,700,000.00;$6,000,000.00;11,67;Jorge Cuenca
02-08-2024;24/25;Arsenal;Fulham;$31,800,000.00;$22,000,000.00;44,55;Emile Smith Rowe
01-08-2024;24/25;Marseille;Crystal Palace;$15,000,000.00;$18,000,000.00;-16,67;Ismaïla Sarr
30-07-2024;24/25;Villarreal;Southampton;$8,300,000.00;$8,000,000.00;3,75;Ben Brereton Díaz
30-07-2024;24/25;Villarreal;Chelsea;$24,500,000.00;$20,000,000.00;22,5;Filip Jørgensen
30-07-2024;24/25;Lyon;Everton;$19,500,000.00;$12,000,000.00;62,5;Jake O'Brien
29-07-2024;24/25;Bologna;Arsenal;$43,700,000.00;$45,000,000.00;-2,89;Riccardo Calafiori
22-07-2024;24/25;Everton;Aston Villa;$59,350,000.00;$50,000,000.00;18,7;Amadou Onana
22-07-2024;24/25;Atlanta;Chelsea;$10,100,000.00;$5,000,000.00;102;Caleb Wiley
19-07-2024;24/25;Hull City;Aston Villa;$16,000,000.00;$15,000,000.00;6,67;Jaden Philogene
18-07-2024;24/25;Troyes;Man City;$25,000,000.00;$50,000,000.00;-50;Savinho
18-07-2024;24/25;Lille;Man Utd;$62,000,000.00;$50,000,000.00;24;Leny Yoro
16-07-2024;24/25;West Ham;Southampton;$17,850,000.00;$9,000,000.00;98,33;Flynn Downes
14-07-2024;24/25;AZ Alkmaar;Southampton;$7,000,000.00;$12,000,000.00;-41,67;Yukinari Sugawara
14-07-2024;24/25;Bologna;Man Utd;$42,500,000.00;$50,000,000.00;-15;Joshua Zirkzee
12-07-2024;24/25;Basel;Chelsea;$14,000,000.00;$3,000,000.00;366,67;Renato Veiga
11-07-2024;24/25;Sheff Utd;Aston Villa;$16,650,000.00;$13,000,000.00;28,08;Cameron Archer
09-07-2024;24/25;Atalanta BC;Leicester;$14,000,000.00;$8,000,000.00;75;Caleb Okoli
07-07-2024;24/25;Chelsea U21;Leicester;$5,900,000.00;$300,000.00;1866,67;Michael Golding
06-07-2024;24/25;Wolves;West Ham;$47,500,000.00;$32,000,000.00;48,44;Maximilian Kilman
05-07-2024;24/25;Swansea;Southampton;$3,500,000.00;$3,800,000.00;-7,89;Nathan Wood
04-07-2024;24/25;Brentford;Arsenal;$31,900,000.00;$35,000,000.00;-8,86;David Raya
04-07-2024;24/25;Brommapojkarna;West Brom;$600,000.00;$500,000.00;20;Torbjørn Heggem
03-07-2024;24/25;Marseille;Everton;$18,000,000.00;$15,000,000.00;20;Iliman Ndiaye
03-07-2024;24/25;Peterborough;Southampton;$3,500,000.00;$3,800,000.00;-7,89;Ronnie Edwards
02-07-2024;24/25;Leicester;Chelsea;$35,400,000.00;$30,000,000.00;18;Kiernan Dewsbury-Hall
02-07-2024;24/25;Real Betis;Crystal Palace;$15,000,000.00;$15,000,000.00;0;Chadi Riad
01-07-2024;24/25;Nott'm Forest;Newcastle;$23,600,000.00;$7,000,000.00;237,14;Odysseas Vlachodimos
01-07-2024;24/25;Luton;Aston Villa;$5,900,000.00;$8,000,000.00;-26,25;Ross Barkley
01-07-2024;24/25;Rotherham;Stoke City;$1,000,000.00;$2,800,000.00;-64,29;Viktor Johansson
01-07-2024;24/25;Man City;Wolves;$5,000,000.00;$10,000,000.00;-50;Tommy Doyle
01-07-2024;24/25;Chelsea;Aston Villa;$44,500,000.00;$40,000,000.00;11,25;Ian Maatsen
01-07-2024;24/25;Man City;Southampton;$23,000,000.00;$22,000,000.00;4,55;Taylor Harwood-Bellis
01-07-2024;24/25;Columbus;Middlesbrough;$3,730,000.00;$3,000,000.00;24,33;Aidan Morris
01-07-2024;24/25;Juventus;Aston Villa;$14,000,000.00;$13,000,000.00;7,69;Samuel Iling-Junior
01-07-2024;24/25;Everton;Aston Villa;$11,800,000.00;$2,500,000.00;372;Lewis Dobbin
01-07-2024;24/25;Braga;Wolves;$15,000,000.00;$12,000,000.00;25;Rodrigo Gomes
01-07-2024;24/25;Chelsea;Newcastle;$33,000,000.00;$18,000,000.00;83,33;Lewis Hall
01-07-2024;24/25;Juventus;Aston Villa;$8,000,000.00;$7,500,000.00;6,67;Enzo Barrenechea
01-07-2024;24/25;Aston Villa;Everton;$10,700,000.00;$4,000,000.00;167,5;Tim Iroegbunam
01-07-2024;24/25;Sint-Truiden;Stoke City;$1,200,000.00;$2,200,000.00;-45,45;Eric-Junior Bocat
01-07-2024;24/25;Sporting;Leicester;$16,250,000.00;$10,000,000.00;62,5;Abdul Fatawu
01-07-2024;24/25;Aston Villa U21;Chelsea;$22,500,000.00;$1,000,000.00;2150;Omari Kellyman
01-07-2024;24/25;Barcelona;Chelsea;$6,000,000.00;$7,500,000.00;-20;Marc Guiu
01-07-2024;24/25;Palmeiras;West Ham;$23,000,000.00;$24,000,000.00;-4,17;Luís Guilherme
01-07-2024;24/25;Sport Recife;Wolves;$10,000,000.00;$2,500,000.00;300;Pedro Lima
01-02-2024;23/24;Middlesbrough;Aston Villa;$9,400,000.00;$2,800,000.00;235,71;Morgan Rogers
01-02-2024;23/24;Vitesse;Stoke City;$4,000,000.00;$3,500,000.00;14,29;Million Manhoef
01-02-2024;23/24;Adelaide United;Aston Villa;$1,500,000.00;$550,000.00;172,73;Joe Gauci
01-02-2024;23/24;Standard Liège;Sunderland;$1,800,000.00;$600,000.00;200;Romaine Mundle
01-02-2024;23/24;Blackburn;Crystal Palace;$21,100,000.00;$10,000,000.00;111;Adam Wharton
30-01-2024;23/24;Genk;Crystal Palace;$8,000,000.00;$10,000,000.00;-20;Daniel Muñoz
25-01-2024;23/24;River Plate;Man City;$18,500,000.00;$12,000,000.00;54,17;Claudio Echeverri
22-01-2024;23/24;Red Star;Aston Villa;$7,600,000.00;$2,500,000.00;204;Kosta Nedeljkovic
05-01-2024;23/24;Aston Villa U21;Middlesbrough;$2,900,000.00;$1,500,000.00;93,33;Finn Azaz
01-09-2023;23/24;Everton;Fulham;$25,700,000.00;$28,000,000.00;-8,21;Alex Iwobi
01-09-2023;23/24;Arsenal;Crystal Palace;$1,200,000.00;$8,000,000.00;-85;Rob Holding
01-09-2023;23/24;Fenerbahçe;Man Utd;$5,000,000.00;$11,000,000.00;-54,55;Altay Bayındır
01-09-2023;23/24;Zorya Lugansk;Sunderland;$2,500,000.00;$2,000,000.00;25;Nazariy Rusyn
01-09-2023;23/24;Sunderland;Southampton;$9,300,000.00;$2,800,000.00;232,14;Ross Stewart
01-09-2023;23/24;R. Strasbourg;Wolves;$15,000,000.00;$10,000,000.00;50;Jean-Ricner Bellegarde
01-09-2023;23/24;Bayern Munich;Liverpool;$40,000,000.00;$30,000,000.00;33,33;Ryan Gravenberch
01-09-2023;23/24;PSG;Sunderland;$1,000,000.00;$5,000,000.00;-80;Timothée Pembélé
01-09-2023;23/24;Man City;Chelsea;$47,000,000.00;$18,000,000.00;161,11;Cole Palmer
01-09-2023;23/24;Wolves;Man City;$62,000,000.00;$45,000,000.00;37,78;Matheus Nunes
01-09-2023;23/24;Everton;Leicester;$8,800,000.00;$5,000,000.00;76;Tom Cannon
31-08-2023;23/24;Man Utd;Crystal Palace;$17,500,000.00;$18,000,000.00;-2,78;Dean Henderson
31-08-2023;23/24;A. Klagenfurt;West Ham;$1,750,000.00;$800,000.00;118,75;Andrew Irving
31-08-2023;23/24;Girona;Wolves;$12,000,000.00;$8,000,000.00;50;Santiago Bueno
31-08-2023;23/24;Daejeon Hana C.;Stoke City;$2,000,000.00;$275,000.00;627,27;Jun-ho Bae
31-08-2023;23/24;Libertad;Wolves;$6,000,000.00;$1,900,000.00;215,79;Enso González
30-08-2023;23/24;Swansea;Fulham;$870,000.00;$400,000.00;117,5;Steven Benda
29-08-2023;23/24;Leicester;Fulham;$13,000,000.00;$25,000,000.00;-48;Timothy Castagne
29-08-2023;23/24;Udinese;Everton;$25,000,000.00;$25,000,000.00;0;Beto
27-08-2023;23/24;Ajax;West Ham;$43,000,000.00;$40,000,000.00;7,5;Mohammed Kudus
26-08-2023;23/24;New England;Chelsea;$16,000,000.00;$6,000,000.00;166,67;Djordje Petrovic
25-08-2023;23/24;Basel;Stoke City;$5,800,000.00;$4,500,000.00;28,89;Wouter Burger
24-08-2023;23/24;Stade Rennais;Man City;$60,000,000.00;$28,000,000.00;114,29;Jérémy Doku
24-08-2023;23/24;Santos;Chelsea;$16,000,000.00;$4,000,000.00;300;Deivid Washington
22-08-2023;23/24;Sampdoria;Stoke City;$2,500,000.00;$2,500,000.00;0;Mehdi Léris
22-08-2023;23/24;Stuttgart;West Ham;$20,000,000.00;$15,000,000.00;33,33;Konstantinos Mavropanos
18-08-2023;23/24;Stuttgart;Liverpool;$20,000,000.00;$6,500,000.00;207,69;Wataru Endo
18-08-2023;23/24;Southampton;Chelsea;$62,100,000.00;$32,000,000.00;94,06;Roméo Lavia
15-08-2023;23/24;Atalanta;Middlesbrough;$7,100,000.00;$1,500,000.00;373,33;Emmanuel Latte Lath
15-08-2023;23/24;Silkeborg IF;Middlesbrough;$3,000,000.00;$700,000.00;328,57;Lukas Engel
14-08-2023;23/24;Southampton;West Ham;$34,800,000.00;$38,000,000.00;-8,42;James Ward-Prowse
14-08-2023;23/24;Brighton;Chelsea;$116,000,000.00;$75,000,000.00;54,67;Moisés Caicedo
11-08-2023;23/24;Sporting;Everton;$12,500,000.00;$3,000,000.00;316,67;Youssef Chermiti
10-08-2023;23/24;Ajax;West Ham;$38,000,000.00;$35,000,000.00;8,57;Edson Álvarez
08-08-2023;23/24;Odd;Blackburn;$1,000,000.00;$1,700,000.00;-41,18;Leopold Wahlstedt
08-08-2023;23/24;Southampton;Newcastle;$37,200,000.00;$25,000,000.00;48,8;Tino Livramento
05-08-2023;23/24;Brighton;Chelsea;$23,000,000.00;$22,000,000.00;4,55;Robert Sánchez
05-08-2023;23/24;Leipzig;Man City;$90,000,000.00;$75,000,000.00;20;Josko Gvardiol
05-08-2023;23/24;Atalanta;Man Utd;$79,800,000.00;$45,000,000.00;77,33;Rasmus Højlund
05-08-2023;23/24;Flamengo;Crystal Palace;$20,000,000.00;$9,000,000.00;122,22;Matheus França
04-08-2023;23/24;Monaco;Chelsea;$45,000,000.00;$30,000,000.00;50;Axel Disasi
01-08-2023;23/24;Stade Rennais;Chelsea;$27,000,000.00;$9,000,000.00;200;Lesley Ugochukwu
31-07-2023;23/24;Montpellier;Leicester;$7,500,000.00;$6,000,000.00;25;Stephy Mavididi
28-07-2023;23/24;Ajax;Fulham;$22,500,000.00;$15,000,000.00;50;Calvin Bassey
28-07-2023;23/24;FC Sochaux;Sunderland;$800,000.00;$300,000.00;166,67;Eliezer Mayenda
25-07-2023;23/24;Wolves;Fulham;$6,400,000.00;$6,000,000.00;6,67;Raúl Jiménez
23-07-2023;23/24;Leicester;Newcastle;$44,000,000.00;$35,000,000.00;25,71;Harvey Barnes
22-07-2023;23/24;Leverkusen;Aston Villa;$55,000,000.00;$50,000,000.00;10;Moussa Diaby
20-07-2023;23/24;Inter;Man Utd;$50,200,000.00;$35,000,000.00;43,43;André Onana
18-07-2023;23/24;Bröndby IF;Leicester;$9,040,000.00;$3,500,000.00;158,29;Mads Hermansen
16-07-2023;23/24;Santos;Chelsea;$15,000,000.00;$13,000,000.00;15,38;Ângelo
15-07-2023;23/24;West Ham;Arsenal;$116,600,000.00;$90,000,000.00;29,56;Declan Rice
14-07-2023;23/24;Ajax;Arsenal;$40,000,000.00;$42,000,000.00;-4,76;Jurriën Timber
12-07-2023;23/24;Villarreal;Aston Villa;$33,000,000.00;$45,000,000.00;-26,67;Pau Torres
07-07-2023;23/24;Man City U21;Middlesbrough;$1,200,000.00;$1,800,000.00;-33,33;Morgan Rogers
07-07-2023;23/24;Central Coast;Middlesbrough;$585,000.00;$300,000.00;95;Sam Silvera
05-07-2023;23/24;Chelsea;Man Utd;$67,700,000.00;$60,000,000.00;12,83;Mason Mount
03-07-2023;23/24;AC Milan;Newcastle;$60,800,000.00;$50,000,000.00;21,6;Sandro Tonali
02-07-2023;23/24;Leipzig;Liverpool;$70,000,000.00;$50,000,000.00;40;Dominik Szoboszlai
01-07-2023;23/24;Chelsea;Man City;$29,100,000.00;$38,000,000.00;-23,42;Mateo Kovacic
01-07-2023;23/24;Wolves;Leicester;$8,700,000.00;$12,000,000.00;-27,5;Conor Coady
01-07-2023;23/24;Tottenham;Leicester;$11,600,000.00;$10,000,000.00;16;Harry Winks
01-07-2023;23/24;Chelsea;Arsenal;$75,000,000.00;$55,000,000.00;36,36;Kai Havertz
01-07-2023;23/24;Leipzig;Chelsea;$60,000,000.00;$80,000,000.00;-25;Christopher Nkunku
01-07-2023;23/24;Atlético;Wolves;$50,000,000.00;$25,000,000.00;100;Matheus Cunha
01-07-2023;23/24;Brighton;Liverpool;$42,000,000.00;$65,000,000.00;-35,38;Alexis Mac Allister
01-07-2023;23/24;PSV U21;Sunderland;$2,000,000.00;$600,000.00;233,33;Jenson Seelt
01-07-2023;23/24;FC Metz;Wolves;$11,000,000.00;$5,000,000.00;120;Boubacar Traoré
01-07-2023;23/24;Villarreal;Chelsea;$37,000,000.00;$30,000,000.00;23,33;Nicolas Jackson
01-07-2023;23/24;Birmingham;Sunderland;$1,750,000.00;$5,000,000.00;-65;Jobe Bellingham
01-07-2023;23/24;Benfica B;Sunderland;$500,000.00;$600,000.00;-16,67;Luís Semedo
01-07-2023;23/24;Central Coast;Sunderland;$350,000.00;$250,000.00;40;Nectarios Triantis
01-07-2023;23/24;Odense BK;Newcastle;$8,000,000.00;$2,000,000.00;300;Yankuba Minteh
31-01-2023;22/23;Chelsea;Arsenal;$11,300,000.00;$35,000,000.00;-67,71;Jorginho
31-01-2023;22/23;Torino;Fulham;$9,800,000.00;$13,000,000.00;-24,62;Saša Lukić
31-01-2023;22/23;Genk;Southampton;$18,000,000.00;$15,000,000.00;20;Paul Onuachu
31-01-2023;22/23;Stoke City;Leicester;$17,000,000.00;$6,000,000.00;183,33;Harry Souttar
31-01-2023;22/23;Stuttgart;Crystal Palace;$12,000,000.00;$5,500,000.00;118,18;Naouirou Ahamada
31-01-2023;22/23;Benfica;Chelsea;$121,000,000.00;$55,000,000.00;120;Enzo Fernández
31-01-2023;22/23;Stade Rennais;Southampton;$25,000,000.00;$18,000,000.00;38,89;Kamaldeen Sulemana
30-01-2023;22/23;Flamengo;Wolves;$18,700,000.00;$15,000,000.00;24,67;João Gomes
29-01-2023;22/23;Rotherham;Middlesbrough;$1,030,000.00;$2,000,000.00;-48,5;Dan Barlaser
29-01-2023;22/23;Everton;Newcastle;$45,600,000.00;$40,000,000.00;14;Anthony Gordon
29-01-2023;22/23;Lyon;Chelsea;$30,000,000.00;$15,000,000.00;100;Malo Gusto
26-01-2023;22/23;Luton;Southampton;$850,000.00;$3,000,000.00;-71,67;James Bree
25-01-2023;22/23;Bristol City;Wolves;$57,000.00;$1,800,000.00;-96,83;Daniel Bentley
23-01-2023;22/23;Spezia Calcio;Arsenal;$19,500,000.00;$8,000,000.00;143,75;Jakub Kiwior
23-01-2023;22/23;Chicago;Aston Villa;$29,500,000.00;$6,000,000.00;391,67;Jhon Durán
23-01-2023;22/23;Vélez Sarsfield;Man City;$11,000,000.00;$8,500,000.00;29,41;Máximo Perrone
22-01-2023;22/23;West Ham;Wolves;$3,750,000.00;$2,500,000.00;50;Craig Dawson
20-01-2023;22/23;Aston Villa;West Ham;$12,000,000.00;$16,000,000.00;-25;Danny Ings
20-01-2023;22/23;Brighton;Arsenal;$24,000,000.00;$30,000,000.00;-20;Leandro Trossard
20-01-2023;22/23;PSV;Chelsea;$35,000,000.00;$15,000,000.00;133,33;Noni Madueke
20-01-2023;22/23;Copenhagen;Leicester;$14,000,000.00;$4,000,000.00;250;Victor Kristiansen
17-01-2023;22/23;PSG;Wolves;$5,000,000.00;$20,000,000.00;-75;Pablo Sarabia
15-01-2023;22/23;Shakhtar D.;Chelsea;$70,000,000.00;$40,000,000.00;75;Mykhaylo Mudryk
13-01-2023;22/23;Nice;Wolves;$11,000,000.00;$7,000,000.00;57,14;Mario Lemina
11-01-2023;22/23;Real Betis;Aston Villa;$13,500,000.00;$20,000,000.00;-32,5;Álex Moreno
11-01-2023;22/23;Racing Club;Southampton;$13,650,000.00;$8,500,000.00;60,59;Carlos Alcaraz
06-01-2023;22/23;Dinamo Zagreb;Southampton;$5,750,000.00;$10,000,000.00;-42,5;Mislav Orsic
05-01-2023;22/23;Monaco;Chelsea;$38,000,000.00;$40,000,000.00;-5;Benoît Badiashile
01-01-2023;22/23;PSV;Liverpool;$42,000,000.00;$60,000,000.00;-30;Cody Gakpo
01-01-2023;22/23;Vasco da Gama;Chelsea;$12,500,000.00;$10,000,000.00;25;Andrey Santos
01-01-2023;22/23;Molde FK;Chelsea;$12,000,000.00;$7,000,000.00;71,43;David Datro Fofana
01-09-2022;22/23;Barcelona;Chelsea;$12,000,000.00;$15,000,000.00;-20;Pierre-Emerick Aubameyang
01-09-2022;22/23;PSG;Everton;$4,000,000.00;$12,000,000.00;-66,67;Idrissa Gueye
01-09-2022;22/23;Wolves;Aston Villa;$15,000,000.00;$28,000,000.00;-46,43;Leander Dendoncker
01-09-2022;22/23;Marseille;Southampton;$8,000,000.00;$16,000,000.00;-50;Duje Caleta-Car
01-09-2022;22/23;Dortmund;Man City;$20,000,000.00;$30,000,000.00;-33,33;Manuel Akanji
01-09-2022;22/23;Stade Reims;Leicester;$17,000,000.00;$10,000,000.00;70;Wout Faes
01-09-2022;22/23;Man Utd;Everton;$10,400,000.00;$7,000,000.00;48,57;James Garner
01-09-2022;22/23;Benfica;Fulham;$5,000,000.00;$8,000,000.00;-37,5;Carlos Vinícius
01-09-2022;22/23;Man City U21;Southampton;$8,000,000.00;$800,000.00;900;Samuel Edozie
31-08-2022;22/23;Stuttgart;Wolves;$18,000,000.00;$25,000,000.00;-28;Sasa Kalajdzic
31-08-2022;22/23;Leicester;Chelsea;$80,400,000.00;$40,000,000.00;101;Wesley Fofana
31-08-2022;22/23;Le Havre AC;Sunderland;$1,000,000.00;$700,000.00;42,86;Abdoullah Ba
30-08-2022;22/23;Ajax;Man Utd;$95,000,000.00;$35,000,000.00;171,43;Antony
29-08-2022;22/23;Lyon;West Ham;$42,950,000.00;$35,000,000.00;22,71;Lucas Paquetá
26-08-2022;22/23;Brighton;Everton;$11,800,000.00;$18,000,000.00;-34,44;Neal Maupay
26-08-2022;22/23;Real Sociedad;Newcastle;$77,500,000.00;$30,000,000.00;158,33;Alexander Isak
25-08-2022;22/23;Herediano;Sunderland;$1,300,000.00;$275,000.00;372,73;Jewison Bennette
23-08-2022;22/23;Chelsea;West Ham;$15,400,000.00;$14,000,000.00;10;Emerson
22-08-2022;22/23;Real Madrid;Man Utd;$70,650,000.00;$40,000,000.00;76,63;Casemiro
19-08-2022;22/23;Inter;Chelsea;$14,860,000.00;$1,000,000.00;1386;Cesare Casadei
18-08-2022;22/23;Sporting;Wolves;$47,400,000.00;$35,000,000.00;35,43;Matheus Nunes
17-08-2022;22/23;PSG;West Ham;$12,000,000.00;$22,000,000.00;-45,45;Thilo Kehrer
16-08-2022;22/23;RSC Anderlecht;Man City;$15,000,000.00;$10,000,000.00;50;Sergio Gómez
10-08-2022;22/23;West Ham;Fulham;$17,800,000.00;$10,000,000.00;78;Issa Diop
10-08-2022;22/23;RCD Mallorca;Middlesbrough;$3,000,000.00;$1,000,000.00;200;Matthew Hoppe
09-08-2022;22/23;Lille;Everton;$39,870,000.00;$10,000,000.00;298,7;Amadou Onana
08-08-2022;22/23;Valencia;Wolves;$32,600,000.00;$40,000,000.00;-18,5;Gonçalo Guedes
05-08-2022;22/23;Burnley;West Ham;$20,700,000.00;$15,000,000.00;38;Maxwel Cornet
05-08-2022;22/23;Brighton;Chelsea;$65,300,000.00;$28,000,000.00;133,21;Marc Cucurella
04-08-2022;22/23;Aston Villa;Chelsea;$18,000,000.00;$6,000,000.00;200;Carney Chukwuemeka
02-08-2022;22/23;Arsenal;Fulham;$3,600,000.00;$9,000,000.00;-60;Bernd Leno
02-08-2022;22/23;Chicago;Chelsea;$9,090,000.00;$3,000,000.00;203;Gabriel Slonina
01-08-2022;22/23;Peterborough;Blackburn;$3,000,000.00;$500,000.00;500;Sammie Szmodics
28-07-2022;22/23;Burnley;Everton;$17,000,000.00;$18,000,000.00;-5,56;Dwight McNeil
27-07-2022;22/23;Wolfsburg;Fulham;$5,500,000.00;$9,000,000.00;-38,89;Kevin Mbabu
27-07-2022;22/23;Ajax;Man Utd;$57,370,000.00;$32,000,000.00;79,28;Lisandro Martínez
27-07-2022;22/23;Bayern Munich;Crystal Palace;$12,000,000.00;$7,500,000.00;60;Chris Richards
26-07-2022;22/23;Sassuolo;West Ham;$38,600,000.00;$30,000,000.00;28,67;Gianluca Scamacca
25-07-2022;22/23;G. Bordeaux;Southampton;$11,500,000.00;$3,000,000.00;283,33;Sékou Mara
22-07-2022;22/23;Man City;Arsenal;$35,000,000.00;$25,000,000.00;40;Oleksandr Zinchenko
20-07-2022;22/23;Derry City;Bolton;$100,000.00;$125,000.00;-20;Eoin Toal
16-07-2022;22/23;Napoli;Chelsea;$41,900,000.00;$35,000,000.00;19,71;Kalidou Koulibaly
13-07-2022;22/23;Man City;Chelsea;$56,200,000.00;$70,000,000.00;-19,71;Raheem Sterling
12-07-2022;22/23;Burnley;Wolves;$24,300,000.00;$10,000,000.00;143;Nathan Collins
11-07-2022;22/23;Man Utd;Fulham;$9,500,000.00;$7,500,000.00;26,67;Andreas Pereira
11-07-2022;22/23;Lens;Crystal Palace;$22,600,000.00;$15,000,000.00;50,67;Cheick Doucouré
09-07-2022;22/23;Rangers;Southampton;$8,200,000.00;$10,000,000.00;-18;Joe Aribo
07-07-2022;22/23;Swansea;West Ham;$10,650,000.00;$2,000,000.00;432,5;Flynn Downes
06-07-2022;22/23;Man City U21;Southampton;$22,260,000.00;$2,000,000.00;1013;Roméo Lavia
05-07-2022;22/23;Feyenoord;Man Utd;$15,000,000.00;$17,000,000.00;-11,76;Tyrell Malacia
04-07-2022;22/23;Sporting;Fulham;$24,900,000.00;$25,000,000.00;-0,4;João Palhinha
04-07-2022;22/23;Leeds;Man City;$49,000,000.00;$50,000,000.00;-2;Kalvin Phillips
04-07-2022;22/23;Man City;Arsenal;$52,200,000.00;$50,000,000.00;4,4;Gabriel Jesus
01-07-2022;22/23;Roma;Aston Villa;$3,500,000.00;$2,000,000.00;75;Robin Olsen
01-07-2022;22/23;Barcelona;Aston Villa;$20,000,000.00;$20,000,000.00;0;Philippe Coutinho
01-07-2022;22/23;PSG;West Ham;$9,300,000.00;$8,000,000.00;16,25;Alphonse Areola
01-07-2022;22/23;Burnley;Newcastle;$11,500,000.00;$15,000,000.00;-23,33;Nick Pope
01-07-2022;22/23;Aston Villa;Newcastle;$17,500,000.00;$17,000,000.00;2,94;Matt Targett
01-07-2022;22/23;Leipzig;Wolves;$16,700,000.00;$16,000,000.00;4,38;Hee-chan Hwang
01-07-2022;22/23;Sevilla FC;Aston Villa;$31,000,000.00;$40,000,000.00;-22,5;Diego Carlos
01-07-2022;22/23;Brighton U21;West Brom;$1,000,000.00;$1,000,000.00;0;Jayson Molumby
01-07-2022;22/23;Lille;Newcastle;$37,000,000.00;$30,000,000.00;23,33;Sven Botman
01-07-2022;22/23;Stade Rennais;West Ham;$35,000,000.00;$12,000,000.00;191,67;Nayef Aguerd
01-07-2022;22/23;Dortmund;Man City;$60,000,000.00;$150,000,000.00;-60;Erling Haaland
01-07-2022;22/23;New England;Arsenal;$5,900,000.00;$5,000,000.00;18;Matt Turner
01-07-2022;22/23;VfL Bochum;Southampton;$12,000,000.00;$10,000,000.00;20;Armel Bella-Kotchap
01-07-2022;22/23;Arsenal U21;Sunderland;$2,300,000.00;$2,000,000.00;15;Dan Ballard
01-07-2022;22/23;Porto;Arsenal;$35,000,000.00;$25,000,000.00;40;Fábio Vieira
01-07-2022;22/23;Benfica;Liverpool;$85,000,000.00;$55,000,000.00;54,55;Darwin Núñez
01-07-2022;22/23;Fulham;Liverpool;$9,400,000.00;$12,000,000.00;-21,67;Fábio Carvalho
01-07-2022;22/23;Man City U21;Southampton;$14,000,000.00;$5,000,000.00;180;Gavin Bazunu
01-07-2022;22/23;São Paulo;Arsenal;$3,500,000.00;$7,000,000.00;-50;Marquinhos
31-01-2022;21/22;Brighton;Newcastle;$15,000,000.00;$3,500,000.00;328,57;Dan Burn
31-01-2022;21/22;Colorado;Arsenal;$1,800,000.00;$2,000,000.00;-10;Auston Trusty
31-01-2022;21/22;Mainz;Crystal Palace;$11,000,000.00;$5,000,000.00;120;Jean-Philippe Mateta
31-01-2022;21/22;River Plate;Man City;$21,400,000.00;$20,000,000.00;7;Julián Alvarez
30-01-2022;21/22;Porto;Liverpool;$49,000,000.00;$40,000,000.00;22,5;Luis Díaz
30-01-2022;21/22;Lyon;Newcastle;$42,100,000.00;$30,000,000.00;40,33;Bruno Guimarães
28-01-2022;21/22;Suwon Bluewings;Wolves;$1,200,000.00;$850,000.00;41,18;Sang-bin Jeong
17-01-2022;21/22;Estoril;Wolves;$3,500,000.00;$1,000,000.00;250;Chiquinho
14-01-2022;21/22;Charlotte;Middlesbrough;$3,640,000.00;$600,000.00;506,67;Riley McGree
13-01-2022;21/22;Burnley;Newcastle;$30,000,000.00;$6,000,000.00;400;Chris Wood
13-01-2022;21/22;Everton;Aston Villa;$30,000,000.00;$30,000,000.00;0;Lucas Digne
07-01-2022;21/22;Atlético;Newcastle;$14,000,000.00;$18,000,000.00;-22,22;Kieran Trippier
05-01-2022;21/22;Grasshoppers;Wolves;$600,000.00;$1,300,000.00;-53,85;Hayao Kawabe
04-01-2022;21/22;Rangers;Everton;$14,000,000.00;$3,000,000.00;366,67;Nathan Patterson
04-01-2022;21/22;Linfield;Sunderland;$240,000.00;$175,000.00;37,14;Trai Hume
01-01-2022;21/22;Dynamo Kyiv;Everton;$23,500,000.00;$17,000,000.00;38,24;Vitaliy Mykolenko
31-08-2021;21/22;Juventus;Man Utd;$17,000,000.00;$45,000,000.00;-62,22;Cristiano Ronaldo
31-08-2021;21/22;CSKA Moscow;West Ham;$30,000,000.00;$30,000,000.00;0;Nikola Vlašić
31-08-2021;21/22;Bologna;Arsenal;$18,600,000.00;$20,000,000.00;-7;Takehiro Tomiyasu
31-08-2021;21/22;Celtic;Crystal Palace;$16,300,000.00;$17,000,000.00;-4,12;Odsonne Édouard
28-08-2021;21/22;Chelsea;West Ham;$35,000,000.00;$32,000,000.00;9,38;Kurt Zouma
28-08-2021;21/22;Watford;Crystal Palace;$7,000,000.00;$7,000,000.00;0;Will Hughes
25-08-2021;21/22;Torino;Southampton;$7,500,000.00;$5,000,000.00;50;Lyanco
20-08-2021;21/22;Real Madrid;Arsenal;$35,000,000.00;$40,000,000.00;-12,5;Martin Ødegaard
20-08-2021;21/22;Sheff Utd;Arsenal;$28,000,000.00;$12,000,000.00;133,33;Aaron Ramsdale
20-08-2021;21/22;Flamengo;Fulham;$8,000,000.00;$3,000,000.00;166,67;Rodrigo Muniz
14-08-2021;21/22;Real Madrid;Man Utd;$40,000,000.00;$70,000,000.00;-42,86;Raphaël Varane
13-08-2021;21/22;Southampton;Leicester;$17,600,000.00;$18,000,000.00;-2,22;Jannik Vestergaard
13-08-2021;21/22;Arsenal;Newcastle;$29,400,000.00;$16,000,000.00;83,75;Joe Willock
12-08-2021;21/22;Inter;Chelsea;$113,000,000.00;$100,000,000.00;13;Romelu Lukaku
10-08-2021;21/22;Blackburn;Southampton;$17,700,000.00;$18,000,000.00;-1,67;Adam Armstrong
05-08-2021;21/22;Aston Villa;Man City;$117,500,000.00;$65,000,000.00;80,77;Jack Grealish
05-08-2021;21/22;Banfield;Middlesbrough;$6,750,000.00;$5,000,000.00;35;Martín Payero
04-08-2021;21/22;Southampton;Aston Villa;$29,400,000.00;$22,000,000.00;33,64;Danny Ings
04-08-2021;21/22;Leverkusen;Aston Villa;$32,000,000.00;$35,000,000.00;-8,57;Leon Bailey
04-08-2021;21/22;Bournemouth;Stoke City;$2,900,000.00;$1,800,000.00;61,11;Sam Surridge
30-07-2021;21/22;Brighton;Arsenal;$58,500,000.00;$28,000,000.00;108,93;Ben White
28-07-2021;21/22;Lyon;Crystal Palace;$17,500,000.00;$22,000,000.00;-20,45;Joachim Andersen
24-07-2021;21/22;Liverpool;Fulham;$14,000,000.00;$17,000,000.00;-17,65;Harry Wilson
23-07-2021;21/22;Dortmund;Man Utd;$85,000,000.00;$100,000,000.00;-15;Jadon Sancho
22-07-2021;21/22;Leverkusen;Everton;$2,000,000.00;$8,000,000.00;-75;Demarai Gray
19-07-2021;21/22;RSC Anderlecht;Arsenal;$17,500,000.00;$12,000,000.00;45,83;Albert Sambi Lokonga
18-07-2021;21/22;Chelsea;Crystal Palace;$23,340,000.00;$10,000,000.00;133,4;Marc Guéhi
17-07-2021;21/22;Fehérvár;Wolves;$2,000,000.00;$600,000.00;233,33;Bendegúz Bolla
15-07-2021;21/22;Olympiacos;Wolves;$8,000,000.00;$7,500,000.00;6,67;José Sá
10-07-2021;21/22;Benfica;Arsenal;$8,000,000.00;$7,000,000.00;14,29;Nuno Tavares
09-07-2021;21/22;Angers SCO;Wolves;$11,100,000.00;$18,000,000.00;-38,33;Rayan Aït-Nouri
08-07-2021;21/22;Reading;Crystal Palace;$9,300,000.00;$15,000,000.00;-38;Michael Olise
02-07-2021;21/22;Wycombe;Middlesbrough;$870,000.00;$300,000.00;190;Uche Ikpeazu
02-07-2021;21/22;Stade Brestois;Southampton;$12,000,000.00;$8,000,000.00;50;Romain Perraud
02-07-2021;21/22;LOSC Lille;Leicester;$20,000,000.00;$28,000,000.00;-28,57;Boubakary Soumaré
01-07-2021;21/22;Watford;West Ham;$2,300,000.00;$3,000,000.00;-23,33;Craig Dawson
01-07-2021;21/22;Norwich;Aston Villa;$38,400,000.00;$35,000,000.00;9,71;Emiliano Buendía
01-07-2021;21/22;Leipzig;Liverpool;$40,000,000.00;$35,000,000.00;14,29;Ibrahima Konaté
01-07-2021;21/22;Atl. Nacional;Wolves;$5,200,000.00;$1,700,000.00;205,88;Yerson Mosquera
01-02-2021;20/21;Preston;Liverpool;$1,850,000.00;$2,400,000.00;-22,92;Ben Davies
31-01-2021;20/21;Ross County;Sunderland;$338,000.00;$500,000.00;-32,4;Ross Stewart
29-01-2021;20/21;Brentford;West Ham;$23,100,000.00;$22,000,000.00;5;Saïd Benrahma
26-01-2021;20/21;Marseille;Aston Villa;$15,800,000.00;$20,000,000.00;-21;Morgan Sanson
02-01-2021;20/21;Atalanta;Man Utd;$27,300,000.00;$15,000,000.00;82;Amad Diallo
01-01-2021;20/21;Silkeborg IF;West Ham;$1,600,000.00;$400,000.00;300;Frederik Alves
16-10-2020;20/21;Stoke City;Crystal Palace;$1,100,000.00;$3,500,000.00;-68,57;Jack Butland
06-10-2020;20/21;Slavia Sofia;Blackburn;$110,000.00;$350,000.00;-68,57;Antonis Stergiakis
05-10-2020;20/21;Atlético;Arsenal;$50,000,000.00;$40,000,000.00;25;Thomas Partey
05-10-2020;20/21;Porto;Man Utd;$15,000,000.00;$40,000,000.00;-62,5;Alex Telles
05-10-2020;20/21;Man City U23;Fulham;$1,650,000.00;$2,800,000.00;-41,07;Tosin Adarabioyo
05-10-2020;20/21;Norwich;Everton;$27,500,000.00;$16,000,000.00;71,88;Ben Godfrey
05-10-2020;20/21;Peñarol;Man Utd;$8,650,000.00;$1,800,000.00;380,56;Facundo Pellistri
04-10-2020;20/21;CA Talleres;Man City;$6,500,000.00;$6,700,000.00;-2,99;Nahuel Bustos
02-10-2020;20/21;Slavia Praha;West Ham;$6,000,000.00;$2,000,000.00;200;Vladimír Coufal
02-10-2020;20/21;Saint-Étienne;Leicester;$35,000,000.00;$10,000,000.00;250;Wesley Fofana
29-09-2020;20/21;Benfica;Man City;$71,600,000.00;$35,000,000.00;104,57;Rúben Dias
29-09-2020;20/21;Fluminense U20;Liverpool;$750,000.00;$100,000.00;650;Marcelo Pitaluga
24-09-2020;20/21;Stade Rennais;Chelsea;$24,000,000.00;$7,000,000.00;242,86;Edouard Mendy
23-09-2020;20/21;Barcelona;Wolves;$32,000,000.00;$40,000,000.00;-20;Nélson Semedo
21-09-2020;20/21;Dijon;Arsenal;$2,000,000.00;$1,200,000.00;66,67;Rúnar Alex Rúnarsson
19-09-2020;20/21;Lyon;Aston Villa;$18,400,000.00;$9,500,000.00;93,68;Bertrand Traoré
19-09-2020;20/21;PAOK;Middlesbrough;$4,320,000.00;$3,200,000.00;35;Chuba Akpom
19-09-2020;20/21;Wolves;Liverpool;$44,700,000.00;$28,000,000.00;59,64;Diogo Jota
19-09-2020;20/21;Liverpool U23;Wolves;$9,800,000.00;$3,600,000.00;172,22;Ki-Jana Hoever
18-09-2020;20/21;Bayern Munich;Liverpool;$22,000,000.00;$48,000,000.00;-54,17;Thiago Alcántara
16-09-2020;20/21;Arsenal;Aston Villa;$17,400,000.00;$8,000,000.00;117,5;Emiliano Martínez
10-09-2020;20/21;Lyon;Fulham;$3,200,000.00;$5,500,000.00;-41,82;Kenny Tete
09-09-2020;20/21;Brentford;Aston Villa;$34,000,000.00;$12,000,000.00;183,33;Ollie Watkins
09-09-2020;20/21;Barnsley FC;Stoke City;$2,200,000.00;$900,000.00;144,44;Jacob Brown
08-09-2020;20/21;Watford;Everton;$22,000,000.00;$20,000,000.00;10;Abdoulaye Doucouré
08-09-2020;20/21;Norwich;Newcastle;$16,500,000.00;$11,000,000.00;50;Jamal Lewis
07-09-2020;20/21;Bournemouth;Newcastle;$22,250,000.00;$20,000,000.00;11,25;Callum Wilson
05-09-2020;20/21;Napoli;Everton;$24,600,000.00;$28,000,000.00;-12,14;Allan
05-09-2020;20/21;Porto;Wolves;$40,000,000.00;$12,000,000.00;233,33;Fábio Silva
04-09-2020;20/21;Leverkusen;Chelsea;$100,000,000.00;$81,000,000.00;23,46;Kai Havertz
04-09-2020;20/21;West Ham;West Brom;$13,500,000.00;$4,500,000.00;200;Grady Diangana
03-09-2020;20/21;Atalanta;Leicester;$20,900,000.00;$18,000,000.00;16,11;Timothy Castagne
03-09-2020;20/21;Nott'm Forest;Aston Villa;$15,750,000.00;$4,800,000.00;228,13;Matty Cash
02-09-2020;20/21;Ajax;Man Utd;$39,000,000.00;$44,000,000.00;-11,36;Donny van de Beek
01-09-2020;20/21;Lyon;Wolves;$2,000,000.00;$2,400,000.00;-16,67;Marçal
01-09-2020;20/21;Lille;Arsenal;$26,000,000.00;$20,000,000.00;30;Gabriel
30-08-2020;20/21;Southampton;Fulham;$6,500,000.00;$2,400,000.00;170,83;Harrison Reed
28-08-2020;20/21;QPR;Crystal Palace;$17,800,000.00;$9,000,000.00;97,78;Eberechi Eze
26-08-2020;20/21;KAA Gent;Blackburn;$500,000.00;$2,400,000.00;-79,17;Thomas Kaminski
26-08-2020;20/21;Leicester;Chelsea;$50,200,000.00;$40,000,000.00;25,5;Ben Chilwell
20-08-2020;20/21;Wigan;Fulham;$2,100,000.00;$3,500,000.00;-40;Antonee Robinson
17-08-2020;20/21;Sporting;West Brom;$8,250,000.00;$9,500,000.00;-13,16;Matheus Pereira
12-08-2020;20/21;Real Valladolid;Southampton;$12,000,000.00;$12,000,000.00;0;Mohammed Salisu
11-08-2020;20/21;Tottenham;Southampton;$13,300,000.00;$8,000,000.00;66,25;Kyle Walker-Peters
10-08-2020;20/21;Olympiacos;Liverpool;$13,000,000.00;$9,000,000.00;44,44;Konstantinos Tsimikas
05-08-2020;20/21;Bournemouth;Man City;$45,300,000.00;$28,000,000.00;61,79;Nathan Aké
04-08-2020;20/21;Valencia;Man City;$33,500,000.00;$45,000,000.00;-25,56;Ferran Torres
29-07-2020;20/21;KV Mechelen;Man City;$4,500,000.00;$1,300,000.00;246,15;Issa Kaboré
27-07-2020;20/21;Slavia Praha;West Ham;$16,200,000.00;$12,000,000.00;35;Tomáš Souček
01-07-2020;20/21;Leipzig;Chelsea;$53,000,000.00;$64,000,000.00;-17,19;Timo Werner
01-07-2020;20/21;Flamengo;Arsenal;$6,000,000.00;$4,800,000.00;25;Pablo Marí
01-07-2020;20/21;Ajax;Chelsea;$40,000,000.00;$40,000,000.00;0;Hakim Ziyech
01-07-2020;20/21;Coritiba FC;Man City;$6,000,000.00;$3,600,000.00;66,67;Yan Couto
31-01-2020;19/20;Hull City;West Brom;$950,000.00;$4,000,000.00;-76,25;Kamil Grosicki
31-01-2020;19/20;Hull City;West Ham;$21,300,000.00;$10,000,000.00;113;Jarrod Bowen
30-01-2020;19/20;Olympiacos;Wolves;$19,600,000.00;$6,000,000.00;226,67;Daniel Podence
29-01-2020;19/20;Sporting;Man Utd;$65,000,000.00;$60,000,000.00;8,33;Bruno Fernandes
24-01-2020;19/20;Cardiff;Fulham;$8,900,000.00;$10,000,000.00;-11;Bobby De Cordova-Reid
20-01-2020;19/20;Genk;Aston Villa;$10,500,000.00;$12,000,000.00;-12,5;Ally Samatta
16-01-2020;19/20;FC St. Gallen;Middlesbrough;$1,100,000.00;$900,000.00;22,22;Dejan Stojanovic
15-01-2020;19/20;Middlesbrough;West Ham;$4,700,000.00;$4,500,000.00;4,44;Darren Randolph
07-01-2020;19/20;Wolves;Fulham;$11,800,000.00;$10,000,000.00;18;Ivan Cavaleiro
01-01-2020;19/20;Salzburg;Liverpool;$8,500,000.00;$12,500,000.00;-32;Takumi Minamino
01-01-2020;19/20;Cukaricki;Man City;$3,000,000.00;$2,000,000.00;50;Slobodan Tedic
08-08-2019;19/20;Everton;Crystal Palace;$3,300,000.00;$5,000,000.00;-34;James McCarthy
08-08-2019;19/20;Sampdoria;Leicester;$19,200,000.00;$24,000,000.00;-20;Dennis Praet
08-08-2019;19/20;Amiens SC;Newcastle;$5,400,000.00;$2,500,000.00;116;Emil Krafth
08-08-2019;19/20;Basel;West Ham;$11,300,000.00;$7,000,000.00;61,43;Albian Ajeti
08-08-2019;19/20;Arsenal;Everton;$30,400,000.00;$25,000,000.00;21,6;Alex Iwobi
08-08-2019;19/20;Celtic;Arsenal;$27,000,000.00;$12,500,000.00;116;Kieran Tierney
08-08-2019;19/20;Gamba Osaka;Man City;$1,000,000.00;$500,000.00;100;Ryotaro Meshino
08-08-2019;19/20;Girona;Man City;$12,000,000.00;$10,000,000.00;20;Pedro Porro
07-08-2019;19/20;Juventus;Man City;$65,000,000.00;$55,000,000.00;18,18;João Cancelo
06-08-2019;19/20;Estoril;Wolves;$500,000.00;$225,000.00;122,22;Renat Dadashov
05-08-2019;19/20;Leicester;Man Utd;$87,000,000.00;$50,000,000.00;74;Harry Maguire
04-08-2019;19/20;Juventus;Everton;$27,500,000.00;$40,000,000.00;-31,25;Moise Kean
02-08-2019;19/20;Mainz;Everton;$25,000,000.00;$28,000,000.00;-10,71;Jean-Philippe Gbamin
02-08-2019;19/20;Nice;Newcastle;$18,000,000.00;$25,000,000.00;-28;Allan Saint-Maximin
02-08-2019;19/20;Lazio;Wolves;$8,900,000.00;$1,000,000.00;790;Bruno Jordão
02-08-2019;19/20;Lazio;Wolves;$17,900,000.00;$2,500,000.00;616;Pedro Neto
01-08-2019;19/20;Burnley;Aston Villa;$8,800,000.00;$3,000,000.00;193,33;Tom Heaton
01-08-2019;19/20;Club Brugge;Aston Villa;$12,000,000.00;$6,500,000.00;84,62;Marvelous Nakamba
01-08-2019;19/20;Lille;Arsenal;$80,000,000.00;$65,000,000.00;23,08;Nicolas Pépé
30-07-2019;19/20;AC Milan;Wolves;$18,000,000.00;$28,000,000.00;-35,71;Patrick Cutrone
25-07-2019;19/20;Swansea;Crystal Palace;$2,800,000.00;$8,000,000.00;-65;Jordan Ayew
25-07-2019;19/20;Man City;Aston Villa;$16,800,000.00;$2,500,000.00;572;Douglas Luiz
25-07-2019;19/20;Saint-Étienne;Arsenal;$30,000,000.00;$12,000,000.00;150;William Saliba
24-07-2019;19/20;Kasimpasa;Aston Villa;$10,000,000.00;$6,000,000.00;66,67;Trezeguet
23-07-2019;19/20;Hoffenheim;Newcastle;$43,500,000.00;$35,000,000.00;24,29;Joelinton
20-07-2019;19/20;Rotherham;West Brom;$1,650,000.00;$1,000,000.00;65;Semi Ajayi
17-07-2019;19/20;Frankfurt;West Ham;$50,000,000.00;$40,000,000.00;25;Sébastien Haller
16-07-2019;19/20;Stade Reims;Aston Villa;$8,000,000.00;$6,000,000.00;33,33;Björn Engels
11-07-2019;19/20;Brentford;Aston Villa;$13,300,000.00;$3,500,000.00;280;Ezri Konsa
09-07-2019;19/20;Columbus Crew;Man City;$6,820,000.00;$5,000,000.00;36,4;Zack Steffen
08-07-2019;19/20;Monaco;Leicester;$45,000,000.00;$38,000,000.00;18,42;Youri Tielemans
08-07-2019;19/20;Bournemouth;Aston Villa;$22,300,000.00;$5,000,000.00;346;Tyrone Mings
04-07-2019;19/20;Newcastle;Leicester;$33,400,000.00;$20,000,000.00;67;Ayoze Pérez
04-07-2019;19/20;Atlético;Man City;$70,000,000.00;$80,000,000.00;-12,5;Rodri
03-07-2019;19/20;PSV;Man City;$12,000,000.00;$16,000,000.00;-25;Angeliño
01-07-2019;19/20;Real Madrid;Chelsea;$45,000,000.00;$35,000,000.00;28,57;Mateo Kovacic
01-07-2019;19/20;Liverpool;Southampton;$25,100,000.00;$15,000,000.00;67,33;Danny Ings
01-07-2019;19/20;RSC Anderlecht;Wolves;$13,800,000.00;$18,000,000.00;-23,33;Leander Dendoncker
01-07-2019;19/20;LOSC Lille;Aston Villa;$9,000,000.00;$7,500,000.00;20;Anwar El Ghazi
01-07-2019;19/20;Benfica;Wolves;$38,000,000.00;$35,000,000.00;8,57;Raúl Jiménez
01-07-2019;19/20;Barcelona;Everton;$25,000,000.00;$28,000,000.00;-10,71;André Gomes
01-07-2019;19/20;Wolves;Aston Villa;$3,400,000.00;$1,000,000.00;240;Kortney Hause
01-07-2019;19/20;Southampton;Aston Villa;$15,500,000.00;$7,000,000.00;121,43;Matt Targett
01-07-2019;19/20;Swansea;Man Utd;$17,800,000.00;$12,000,000.00;48,33;Daniel James
01-07-2019;19/20;Birmingham;Southampton;$16,700,000.00;$7,000,000.00;138,57;Ché Adams
01-07-2019;19/20;Villarreal;West Ham;$28,000,000.00;$25,000,000.00;12;Pablo Fornals
01-07-2019;19/20;Crystal Palace;Man Utd;$55,000,000.00;$35,000,000.00;57,14;Aaron Wan-Bissaka
01-07-2019;19/20;Standard Liège;Southampton;$15,700,000.00;$12,000,000.00;30,83;Moussa Djenepo
01-07-2019;19/20;PEC Zwolle;Liverpool;$1,900,000.00;$2,000,000.00;-5;Sepp van den Berg
31-01-2019;18/19;Atlético;Wolves;$21,000,000.00;$12,000,000.00;75;Jonny Otto
31-01-2019;18/19;Atlanta;Newcastle;$24,000,000.00;$15,000,000.00;60;Miguel Almirón
31-01-2019;18/19;SM Caen;Aston Villa;$5,000,000.00;$7,000,000.00;-28,57;Frédéric Guilbert
31-01-2019;18/19;Hajduk Split;Man City;$6,300,000.00;$550,000.00;1045,45;Ante Palaversa
14-01-2019;18/19;Kawasaki Front.;Man City;$1,100,000.00;$700,000.00;57,14;Ko Itakura
04-01-2019;18/19;Nott'm Forest;Blackburn;$8,300,000.00;$5,000,000.00;66;Ben Brereton Díaz
02-01-2019;18/19;Dortmund;Chelsea;$64,000,000.00;$50,000,000.00;28;Christian Pulisic
01-01-2019;18/19;Millwall;Middlesbrough;$7,800,000.00;$5,000,000.00;56;George Saville
09-08-2018;18/19;Arsenal;West Ham;$4,400,000.00;$7,500,000.00;-41,33;Lucas Pérez
09-08-2018;18/19;Barcelona;Everton;$30,250,000.00;$20,000,000.00;51,25;Yerry Mina
09-08-2018;18/19;Dinamo Zagreb;Leicester;$14,500,000.00;$11,000,000.00;31,82;Filip Benkovic
09-08-2018;18/19;Freiburg;Leicester;$21,100,000.00;$18,000,000.00;17,22;Çağlar Söyüncü
09-08-2018;18/19;Marseille;Fulham;$24,850,000.00;$18,000,000.00;38,06;Frank Anguissa
09-08-2018;18/19;Melbourne City;Man City;$890,000.00;$1,500,000.00;-40,67;Daniel Arzani
08-08-2018;18/19;Athletic Club;Chelsea;$80,000,000.00;$20,000,000.00;300;Kepa Arrizabalaga
08-08-2018;18/19;Hibernian FC;Aston Villa;$3,100,000.00;$1,750,000.00;77,14;John McGinn
08-08-2018;18/19;Middlesbrough;Wolves;$20,000,000.00;$8,000,000.00;150;Adama Traoré
07-08-2018;18/19;FC Ingolstadt;Aston Villa;$3,000,000.00;$800,000.00;275;Ørjan Nyland
06-08-2018;18/19;Newcastle;Blackburn;$1,900,000.00;$1,500,000.00;26,67;Adam Armstrong
05-08-2018;18/19;Monaco;Leicester;$14,000,000.00;$4,000,000.00;250;Rachid Ghezzal
02-08-2018;18/19;West Ham;Crystal Palace;$10,700,000.00;$12,000,000.00;-10,83;Cheikhou Kouyaté
02-08-2018;18/19;Mainz;Newcastle;$10,700,000.00;$6,000,000.00;78,33;Yoshinori Muto
01-08-2018;18/19;Barcelona;Everton;$20,200,000.00;$15,000,000.00;34,67;Lucas Digne
31-07-2018;18/19;PEC Zwolle;Man City;$2,500,000.00;$2,500,000.00;0;Philippe Sandler
30-07-2018;18/19;Newcastle;Fulham;$24,700,000.00;$15,000,000.00;64,67;Aleksandar Mitrović
30-07-2018;18/19;Charlton;Bolton;$225,000.00;$300,000.00;-25;Josh Magennis
28-07-2018;18/19;Scunthorpe Utd.;West Brom;$840,000.00;$200,000.00;320;Conor Townsend
28-07-2018;18/19;Peterborough;Sunderland;$225,000.00;$400,000.00;-43,75;Jack Baldwin
26-07-2018;18/19;Dep. La Coruña;Newcastle;$4,000,000.00;$3,000,000.00;33,33;Fabian Schär
24-07-2018;18/19;Monaco;Wolves;$5,600,000.00;$10,000,000.00;-44;João Moutinho
24-07-2018;18/19;Watford;Everton;$39,200,000.00;$25,000,000.00;56,8;Richarlison
20-07-2018;18/19;Liverpool;Leicester;$14,000,000.00;$2,500,000.00;460;Danny Ward
19-07-2018;18/19;Roma;Liverpool;$72,500,000.00;$60,000,000.00;20,83;Alisson
15-07-2018;18/19;Lazio;West Ham;$38,000,000.00;$30,000,000.00;26,67;Felipe Anderson
14-07-2018;18/19;Napoli;Chelsea;$57,000,000.00;$50,000,000.00;14;Jorginho
14-07-2018;18/19;Corinthians;West Ham;$4,000,000.00;$5,000,000.00;-20;Fabián Balbuena
13-07-2018;18/19;Stoke City;Liverpool;$14,700,000.00;$18,000,000.00;-18,33;Xherdan Shaqiri
13-07-2018;18/19;Mönchengladbach;Southampton;$25,000,000.00;$14,000,000.00;78,57;Jannik Vestergaard
11-07-2018;18/19;Dortmund;West Ham;$20,000,000.00;$23,000,000.00;-13,04;Andriy Yarmolenko
11-07-2018;18/19;FC Lorient;Arsenal;$8,000,000.00;$2,500,000.00;220;Mattéo Guendouzi
10-07-2018;18/19;Leicester;Man City;$67,800,000.00;$50,000,000.00;35,6;Riyad Mahrez
10-07-2018;18/19;Man City;Southampton;$11,300,000.00;$2,000,000.00;465;Angus Gunn
10-07-2018;18/19;Sampdoria;Arsenal;$28,650,000.00;$30,000,000.00;-4,5;Lucas Torreira
03-07-2018;18/19;Man Utd;West Brom;$7,350,000.00;$2,500,000.00;194;Sam Johnstone
02-07-2018;18/19;Bor. Dortmund;Arsenal;$16,000,000.00;$20,000,000.00;-20;Sokratis Papastathopoulos
01-07-2018;18/19;Swansea;West Ham;$8,000,000.00;$5,000,000.00;60;Lukasz Fabianski
01-07-2018;18/19;West Brom;Leicester;$4,000,000.00;$15,000,000.00;-73,33;Jonny Evans
01-07-2018;18/19;Sporting;Wolves;$18,000,000.00;$16,000,000.00;12,5;Rui Patrício
01-07-2018;18/19;Leverkusen;Arsenal;$25,000,000.00;$20,000,000.00;25;Bernd Leno
01-07-2018;18/19;Sparta Prague;Newcastle;$4,000,000.00;$4,000,000.00;0;Martin Dúbravka
01-07-2018;18/19;Celtic;Southampton;$7,950,000.00;$2,000,000.00;297,5;Stuart Armstrong
01-07-2018;18/19;Porto;Wolves;$12,000,000.00;$5,000,000.00;140;Willy Boly
01-07-2018;18/19;Sunderland;Middlesbrough;$5,700,000.00;$3,000,000.00;90;Paddy McNair
01-07-2018;18/19;Basel;Southampton;$18,000,000.00;$8,500,000.00;111,76;Mohamed Elyounoussi
01-07-2018;18/19;Shakhtar D.;Man Utd;$59,000,000.00;$32,000,000.00;84,38;Fred
01-07-2018;18/19;Porto;Leicester;$22,000,000.00;$20,000,000.00;10;Ricardo Pereira
01-07-2018;18/19;Monaco;Liverpool;$45,000,000.00;$45,000,000.00;0;Fabinho
01-07-2018;18/19;Toulouse;West Ham;$25,000,000.00;$22,000,000.00;13,64;Issa Diop
01-07-2018;18/19;Norwich;Leicester;$25,000,000.00;$10,000,000.00;150;James Maddison
01-07-2018;18/19;RB Leipzig;Liverpool;$60,000,000.00;$65,000,000.00;-7,69;Naby Keïta
01-07-2018;18/19;Dortmund;Newcastle;$7,000,000.00;$10,000,000.00;-30;Mikel Merino
01-07-2018;18/19;Atlético;Wolves;$14,000,000.00;$12,000,000.00;16,67;Diogo Jota
01-07-2018;18/19;Porto;Man Utd;$22,000,000.00;$15,000,000.00;46,67;Diogo Dalot
01-07-2018;18/19;Monaco;Wolves;$2,250,000.00;$500,000.00;350;Rúben Vinagre
01-07-2018;18/19;Feirense;Stoke City;$7,200,000.00;$1,500,000.00;380;Peter Etebo
31-01-2018;17/18;Dortmund;Arsenal;$63,750,000.00;$65,000,000.00;-1,92;Pierre-Emerick Aubameyang
31-01-2018;17/18;Arsenal;Chelsea;$17,000,000.00;$20,000,000.00;-15;Olivier Giroud
31-01-2018;17/18;Galatasaray;Stoke City;$16,000,000.00;$7,000,000.00;128,57;Badou Ndiaye
31-01-2018;17/18;Midtjylland;Crystal Palace;$16,000,000.00;$2,000,000.00;700;Alexander Sørloth
30-01-2018;17/18;Athletic Club;Man City;$65,000,000.00;$25,000,000.00;160;Aymeric Laporte
30-01-2018;17/18;Roma;Chelsea;$20,000,000.00;$14,000,000.00;42,86;Emerson
30-01-2018;17/18;New York City;Man City;$4,000,000.00;$1,750,000.00;128,57;Jack Harrison
25-01-2018;17/18;Monaco;Southampton;$22,000,000.00;$6,000,000.00;266,67;Guido Carrillo
22-01-2018;17/18;Arsenal;Man Utd;$34,000,000.00;$70,000,000.00;-51,43;Alexis Sánchez
22-01-2018;17/18;Man Utd;Arsenal;$34,000,000.00;$35,000,000.00;-2,86;Henrikh Mkhitaryan
19-01-2018;17/18;Fleetwood;Blackburn;$300,000.00;$500,000.00;-40;Amari'i Bell
05-01-2018;17/18;Besiktas;Everton;$22,500,000.00;$10,500,000.00;114,29;Cenk Tosun
05-01-2018;17/18;Everton;Chelsea;$16,800,000.00;$25,000,000.00;-32,8;Ross Barkley
04-01-2018;17/18;PAS Giannina;Arsenal;$2,100,000.00;$450,000.00;366,67;Konstantinos Mavropanos
03-01-2018;17/18;Valencia B;Wolves;$2,000,000.00;$1,000,000.00;100;Rafa Mir
01-01-2018;17/18;Al Ahly;West Brom;$5,000,000.00;$3,000,000.00;66,67;Ahmed Hegazy
01-01-2018;17/18;Southampton;Liverpool;$84,650,000.00;$30,000,000.00;182,17;Virgil van Dijk
31-08-2017;17/18;Liverpool;Crystal Palace;$28,200,000.00;$15,000,000.00;88;Mamadou Sakho
31-08-2017;17/18;Sporting CP;Leicester;$20,500,000.00;$25,000,000.00;-18;Adrien Silva
31-08-2017;17/18;Arsenal;Liverpool;$38,000,000.00;$22,000,000.00;72,73;Alex Oxlade-Chamberlain
31-08-2017;17/18;Torino;Chelsea;$25,000,000.00;$8,500,000.00;194,12;Davide Zappacosta
31-08-2017;17/18;Hajduk Split;Everton;$10,800,000.00;$4,000,000.00;170;Nikola Vlašić
25-08-2017;17/18;Leipzig;West Brom;$15,200,000.00;$7,000,000.00;117,14;Oliver Burke
22-08-2017;17/18;Lazio;Southampton;$16,000,000.00;$7,500,000.00;113,33;Wesley Hoedt
16-08-2017;17/18;Stoke City;Newcastle;$5,500,000.00;$3,500,000.00;57,14;Joselu
16-08-2017;17/18;Swansea;Everton;$49,400,000.00;$25,000,000.00;97,6;Gylfi Sigurdsson
10-08-2017;17/18;Porto;Stoke City;$7,700,000.00;$11,000,000.00;-30;Bruno Martins Indi
08-08-2017;17/18;Juventus;Southampton;$17,250,000.00;$7,500,000.00;130;Mario Lemina
07-08-2017;17/18;Halmstads BK;West Ham;$3,000,000.00;$400,000.00;650;Sead Haksabanovic
03-08-2017;17/18;Man City;Leicester;$27,700,000.00;$15,000,000.00;84,67;Kelechi Iheanacho
31-07-2017;17/18;Chelsea;Man Utd;$44,700,000.00;$35,000,000.00;27,71;Nemanja Matić
26-07-2017;17/18;Blackburn;Sunderland;$560,000.00;$1,000,000.00;-44;Jason Steele
24-07-2017;17/18;Monaco;Man City;$57,500,000.00;$13,000,000.00;342,31;Benjamin Mendy
24-07-2017;17/18;Ajax;Crystal Palace;$9,000,000.00;$5,000,000.00;80;Jaïro Riedewald
23-07-2017;17/18;Real Madrid;Man City;$30,000,000.00;$16,000,000.00;87,5;Danilo
22-07-2017;17/18;Stoke City;West Ham;$22,300,000.00;$15,000,000.00;48,67;Marko Arnautovic
22-07-2017;17/18;West Ham;Middlesbrough;$5,600,000.00;$2,500,000.00;124;Darren Randolph
21-07-2017;17/18;Real Madrid;Chelsea;$66,000,000.00;$40,000,000.00;65;Álvaro Morata
21-07-2017;17/18;Atlético Madrid;Newcastle;$5,000,000.00;$4,000,000.00;25;Javier Manquillo
21-07-2017;17/18;Hull City;Liverpool;$9,000,000.00;$7,000,000.00;28,57;Andrew Robertson
19-07-2017;17/18;Norwich;Newcastle;$11,300,000.00;$1,000,000.00;1030;Jacob Murphy
17-07-2017;17/18;Nottm Forest;Middlesbrough;$17,100,000.00;$5,000,000.00;242;Britt Assombalonga
15-07-2017;17/18;Monaco;Chelsea;$40,000,000.00;$16,000,000.00;150;Tiemoué Bakayoko
14-07-2017;17/18;Tottenham;Man City;$52,700,000.00;$30,000,000.00;75,67;Kyle Walker
13-07-2017;17/18;Toulouse;Middlesbrough;$11,300,000.00;$7,500,000.00;50,67;Martin Braithwaite
10-07-2017;17/18;Everton;Man Utd;$84,700,000.00;$50,000,000.00;69,4;Romelu Lukaku
09-07-2017;17/18;Roma;Chelsea;$35,000,000.00;$25,000,000.00;40;Antonio Rüdiger
08-07-2017;17/18;Porto;Wolves;$17,900,000.00;$10,000,000.00;79;Rúben Neves
07-07-2017;17/18;Standard Liège;Fulham;$2,500,000.00;$2,000,000.00;25;Ibrahima Cissé
06-07-2017;17/18;Sevilla FC;Leicester;$15,000,000.00;$9,000,000.00;66,67;Vicente Iborra
05-07-2017;17/18;Lyon;Arsenal;$53,000,000.00;$40,000,000.00;32,5;Alexandre Lacazette
04-07-2017;17/18;SD Eibar;Newcastle;$10,000,000.00;$5,000,000.00;100;Florian Lejeune
03-07-2017;17/18;Burnley;Everton;$28,500,000.00;$18,000,000.00;58,33;Michael Keane
03-07-2017;17/18;Málaga CF;Everton;$6,000,000.00;$10,000,000.00;-40;Sandro Ramírez
03-07-2017;17/18;Vitesse;West Brom;$7,200,000.00;$700,000.00;928,57;Yuning Zhang
02-07-2017;17/18;Southampton;West Brom;$13,700,000.00;$10,000,000.00;37;Jay Rodríguez
01-07-2017;17/18;Rio Ave;Wolves;$3,000,000.00;$2,500,000.00;20;Roderick Miranda
01-07-2017;17/18;Konyaspor;Wolves;$1,140,000.00;$1,500,000.00;-24;Barry Douglas
01-07-2017;17/18;Sunderland;Everton;$28,500,000.00;$15,000,000.00;90;Jordan Pickford
01-07-2017;17/18;Roma;Liverpool;$42,000,000.00;$35,000,000.00;20;Mohamed Salah
01-07-2017;17/18;Hull City;Leicester;$13,700,000.00;$8,000,000.00;71,25;Harry Maguire
01-07-2017;17/18;Ajax;Everton;$27,000,000.00;$18,000,000.00;50;Davy Klaassen
01-07-2017;17/18;Benfica;Man Utd;$35,000,000.00;$22,000,000.00;59,09;Victor Lindelöf
01-07-2017;17/18;Benfica;Man City;$40,000,000.00;$22,000,000.00;81,82;Ederson
01-07-2017;17/18;Monaco;Man City;$50,000,000.00;$40,000,000.00;25;Bernardo Silva
01-07-2017;17/18;Lech Poznan;Southampton;$6,000,000.00;$500,000.00;1100;Jan Bednarek
01-07-2017;17/18;KAS Eupen;Everton;$8,000,000.00;$7,000,000.00;14,29;Henry Onyekuru
01-02-2017;16/17;Atl. Venezuela;Man City;$1,000,000.00;$900,000.00;11,11;Yangel Herrera
30-01-2017;16/17;Sunderland;Crystal Palace;$10,500,000.00;$6,000,000.00;75;Patrick van Aanholt
30-01-2017;16/17;Benfica;Wolves;$15,000,000.00;$3,000,000.00;400;Hélder Costa
25-01-2017;16/17;Barnsley;Aston Villa;$3,500,000.00;$250,000.00;1300;James Bree
20-01-2017;16/17;Southampton;West Ham;$9,200,000.00;$6,000,000.00;53,33;José Fonte
13-01-2017;16/17;Leicester;Crystal Palace;$13,800,000.00;$8,000,000.00;72,5;Jeffrey Schlupp
12-01-2017;16/17;Man Utd;Everton;$23,000,000.00;$28,000,000.00;-17,86;Morgan Schneiderlin
05-01-2017;16/17;Charlton;Everton;$8,800,000.00;$1,500,000.00;486,67;Ademola Lookman
03-01-2017;16/17;Genk;Leicester;$17,600,000.00;$8,000,000.00;120;Wilfred Ndidi
01-01-2017;16/17;Palmeiras;Man City;$32,000,000.00;$16,000,000.00;100;Gabriel Jesus
07-09-2016;16/17;Boavista;Sunderland;$1,500,000.00;$2,000,000.00;-25;Mika
31-08-2016;16/17;Watford;West Brom;$4,700,000.00;$4,000,000.00;17,5;Allan Nyom
31-08-2016;16/17;Fiorentina;Chelsea;$23,000,000.00;$9,000,000.00;155,56;Marcos Alonso
31-08-2016;16/17;Monaco;Wolves;$8,000,000.00;$7,500,000.00;6,67;Ivan Cavaleiro
31-08-2016;16/17;Sporting;Leicester;$31,000,000.00;$22,000,000.00;40,91;Islam Slimani
31-08-2016;16/17;Aston Villa;Middlesbrough;$8,250,000.00;$8,000,000.00;3,13;Adama Traoré
31-08-2016;16/17;Sheff Utd;Everton;$1,800,000.00;$100,000.00;1700;Dominic Calvert-Lewin
30-08-2016;16/17;Dep. La Coruña;Arsenal;$20,000,000.00;$12,000,000.00;66,67;Lucas Pérez
30-08-2016;16/17;Angers SCO;Wolves;$4,000,000.00;$4,000,000.00;0;Romain Saïss
29-08-2016;16/17;Tottenham;West Brom;$15,200,000.00;$13,000,000.00;16,92;Nacer Chadli
29-08-2016;16/17;Lille;Southampton;$18,700,000.00;$13,000,000.00;43,85;Sofiane Boufal
26-08-2016;16/17;Heracles Almelo;Wolves;$2,000,000.00;$650,000.00;207,69;Paul Gladon
25-08-2016;16/17;Barcelona;Man City;$18,000,000.00;$15,000,000.00;20;Claudio Bravo
25-08-2016;16/17;FC Sion;West Ham;$6,400,000.00;$4,500,000.00;42,22;Edimilson Fernandes
24-08-2016;16/17;Tottenham;Newcastle;$5,900,000.00;$3,000,000.00;96,67;DeAndre Yedlin
23-08-2016;16/17;Leicester;Aston Villa;$2,300,000.00;$2,000,000.00;15;Ritchie De Laet
15-08-2016;16/17;Crystal Palace;Everton;$28,900,000.00;$14,000,000.00;106,43;Yannick Bolasie
15-08-2016;16/17;Gimnàstic;Man City;$200,000.00;$500,000.00;-60;Pablo Marí
11-08-2016;16/17;Man Utd;Sunderland;$5,250,000.00;$4,000,000.00;31,25;Paddy McNair
09-08-2016;16/17;Juventus;Man Utd;$105,000,000.00;$70,000,000.00;50;Paul Pogba
09-08-2016;16/17;Everton;Man City;$55,600,000.00;$28,000,000.00;98,57;John Stones
08-08-2016;16/17;Swansea;West Ham;$24,100,000.00;$18,000,000.00;33,89;André Ayew
08-08-2016;16/17;Olympiacos;West Ham;$7,100,000.00;$7,000,000.00;1,43;Arthur Masuaku
08-08-2016;16/17;CD Maldonado;Man City;$4,700,000.00;$8,000,000.00;-41,25;Gerónimo Rulli
05-08-2016;16/17;Chelsea;Sunderland;$9,500,000.00;$4,500,000.00;111,11;Papy Djilobodji
05-08-2016;16/17;Atl. Nacional;Man City;$5,500,000.00;$1,000,000.00;450;Marlos Moreno
03-08-2016;16/17;Cracovia;Leicester;$5,000,000.00;$5,000,000.00;0;Bartosz Kapustka
02-08-2016;16/17;Aston Villa;Everton;$8,500,000.00;$9,000,000.00;-5,56;Idrissa Gueye
02-08-2016;16/17;FC Schalke 04;Man City;$52,000,000.00;$30,000,000.00;73,33;Leroy Sané
01-08-2016;16/17;Crystal Palace;Southampton;$4,700,000.00;$3,000,000.00;56,67;Alex McCarthy
25-07-2016;16/17;Liverpool;Stoke City;$15,500,000.00;$8,000,000.00;93,75;Joe Allen
22-07-2016;16/17;Newcastle;Liverpool;$27,500,000.00;$20,000,000.00;37,5;Georginio Wijnaldum
22-07-2016;16/17;Bolton;Arsenal;$3,000,000.00;$250,000.00;1100;Rob Holding
21-07-2016;16/17;Blackburn;Newcastle;$6,600,000.00;$2,500,000.00;164;Grant Hanley
18-07-2016;16/17;Sanf. Hiroshima;Arsenal;$4,000,000.00;$1,200,000.00;233,33;Takuma Asano
16-07-2016;16/17;Leicester;Chelsea;$35,800,000.00;$20,000,000.00;79;N'Golo Kanté
14-07-2016;16/17;KSC Lokeren;Fulham;$1,000,000.00;$1,500,000.00;-33,33;Denis Odoi
11-07-2016;16/17;Bayern Munich;Southampton;$15,000,000.00;$6,000,000.00;150;Pierre-Emile Højbjerg
11-07-2016;16/17;Arsenal U23;Newcastle;$2,900,000.00;$500,000.00;480;Isaac Hayden
10-07-2016;16/17;Reading;Aston Villa;$5,900,000.00;$200,000.00;2850;Aaron Tshibola
08-07-2016;16/17;CSKA Moscow;Leicester;$19,500,000.00;$18,000,000.00;8,33;Ahmed Musa
08-07-2016;16/17;Hellas Verona;Aston Villa;$5,000,000.00;$2,000,000.00;150;Pierluigi Gollini
06-07-2016;16/17;Dortmund;Man Utd;$42,000,000.00;$30,000,000.00;40;Henrikh Mkhitaryan
05-07-2016;16/17;West Ham;Crystal Palace;$11,700,000.00;$6,000,000.00;95;James Tomkins
04-07-2016;16/17;Atalanta;Middlesbrough;$10,500,000.00;$5,000,000.00;110;Marten de Roon
04-07-2016;16/17;Ufa;Man City;$2,250,000.00;$4,000,000.00;-43,75;Oleksandr Zinchenko
03-07-2016;16/17;Nice;Leicester;$15,500,000.00;$7,500,000.00;106,67;Nampalys Mendy
03-07-2016;16/17;Marseille;Chelsea;$39,000,000.00;$15,000,000.00;160;Michy Batshuayi
01-07-2016;16/17;Fulham;Wolves;$300,000.00;$500,000.00;-40;Andy Lonergan
01-07-2016;16/17;Hannover 96;Leicester;$3,500,000.00;$8,000,000.00;-56,25;Ron-Robert Zieler
01-07-2016;16/17;Dortmund;Man City;$27,000,000.00;$30,000,000.00;-10;İlkay Gündoğan
01-07-2016;16/17;Newcastle;Crystal Palace;$15,600,000.00;$9,000,000.00;73,33;Andros Townsend
01-07-2016;16/17;1.FSV Mainz 05;Liverpool;$6,200,000.00;$7,000,000.00;-11,43;Loris Karius
01-07-2016;16/17;Bournemouth;Newcastle;$12,000,000.00;$6,000,000.00;100;Matt Ritchie
01-07-2016;16/17;Mönchengladbach;Arsenal;$45,000,000.00;$35,000,000.00;28,57;Granit Xhaka
01-07-2016;16/17;KAA Gent;Newcastle;$6,600,000.00;$6,500,000.00;1,54;Matz Sels
01-07-2016;16/17;Norwich;Southampton;$13,500,000.00;$7,500,000.00;80;Nathan Redmond
01-07-2016;16/17;Al-Jazira;West Ham;$12,000,000.00;$9,000,000.00;33,33;Manuel Lanzini
01-07-2016;16/17;Crystal Palace;Newcastle;$12,000,000.00;$3,000,000.00;300;Dwight Gayle
01-07-2016;16/17;Southampton;Liverpool;$41,200,000.00;$20,000,000.00;106;Sadio Mané
01-07-2016;16/17;Villarreal;Man Utd;$38,000,000.00;$8,000,000.00;375;Eric Bailly
01-02-2016;15/16;Standard Liège;Middlesbrough;$2,600,000.00;$2,500,000.00;4;Julien De Sart
01-02-2016;15/16;FC Porto;Stoke City;$24,250,000.00;$16,000,000.00;51,56;Giannelli Imbula
30-01-2016;15/16;G. Bordeaux;Sunderland;$11,800,000.00;$7,500,000.00;57,33;Wahbi Khazri
30-01-2016;15/16;New York;Chelsea;$4,600,000.00;$150,000.00;2966,67;Matt Miazga
27-01-2016;15/16;Tottenham;Newcastle;$15,700,000.00;$8,000,000.00;96,25;Andros Townsend
22-01-2016;15/16;FC Copenhagen;Leicester;$6,600,000.00;$3,000,000.00;120;Daniel Amartey
20-01-2016;15/16;Leeds;West Ham;$4,800,000.00;$3,500,000.00;37,14;Sam Byram
15-01-2016;15/16;Central Coast;Man City;$320,000.00;$350,000.00;-8,57;Anthony Cáceres
14-01-2016;15/16;Basel;Arsenal;$12,500,000.00;$4,000,000.00;212,5;Mohamed Elneny
12-01-2016;15/16;Swansea;Newcastle;$16,000,000.00;$12,000,000.00;33,33;Jonjo Shelvey
06-01-2016;15/16;Red Star;Liverpool;$7,000,000.00;$3,000,000.00;133,33;Marko Grujić
04-01-2016;15/16;Birmingham;Leicester;$5,100,000.00;$4,000,000.00;27,5;Demarai Gray
01-09-2015;15/16;River Plate;Everton;$12,200,000.00;$6,000,000.00;103,33;Ramiro Funes Mori
01-09-2015;15/16;Nott'm Forest;West Ham;$9,500,000.00;$2,500,000.00;280;Michail Antonio
01-09-2015;15/16;Swindon Town;Wolves;$1,350,000.00;$300,000.00;350;Nathan Byrne
01-09-2015;15/16;FC Nantes;Chelsea;$3,500,000.00;$6,500,000.00;-46,15;Papy Djilobodji
01-09-2015;15/16;Celtic;Southampton;$15,700,000.00;$5,000,000.00;214;Virgil van Dijk
01-09-2015;15/16;Monaco;Man Utd;$60,000,000.00;$8,000,000.00;650;Anthony Martial
31-08-2015;15/16;Bristol City;Fulham;$250,000.00;$250,000.00;0;Ryan Fredericks
30-08-2015;15/16;Wolfsburg;Man City;$76,000,000.00;$45,000,000.00;68,89;Kevin De Bruyne
29-08-2015;15/16;Man Utd;West Brom;$8,300,000.00;$6,000,000.00;38,33;Jonny Evans
28-08-2015;15/16;Ponferradina;Man City;$550,000.00;$500,000.00;10;Rubén Sobrino
28-08-2015;15/16;Girona;Man City;$300,000.00;$800,000.00;-62,5;Florian Lejeune
22-08-2015;15/16;Fluminense;Chelsea;$8,000,000.00;$6,000,000.00;33,33;Kenedy
20-08-2015;15/16;Valencia;Man City;$44,500,000.00;$25,000,000.00;78;Nicolás Otamendi
20-08-2015;15/16;Barcelona;Chelsea;$27,000,000.00;$20,000,000.00;35;Pedro
20-08-2015;15/16;Bolton;Fulham;$1,700,000.00;$1,500,000.00;13,33;Tim Ream
19-08-2015;15/16;SSC Napoli;Leicester;$7,000,000.00;$7,500,000.00;-6,67;Gökhan Inler
19-08-2015;15/16;Marseille;Newcastle;$18,350,000.00;$12,000,000.00;52,92;Florian Thauvin
16-08-2015;15/16;Augsburg;Chelsea;$26,000,000.00;$10,000,000.00;160;Abdul Rahman Baba
14-08-2015;15/16;Barcelona B;Aston Villa;$10,000,000.00;$5,000,000.00;100;Adama Traoré
13-08-2015;15/16;Barnsley;Everton;$1,400,000.00;$75,000.00;1766,67;Mason Holgate
12-08-2015;15/16;Chelsea;Southampton;$7,000,000.00;$2,500,000.00;180;Oriol Romeu
11-08-2015;15/16;Inter;Stoke City;$17,000,000.00;$17,000,000.00;0;Xherdan Shaqiri
10-08-2015;15/16;Zenit S-Pb;West Brom;$17,000,000.00;$15,000,000.00;13,33;Salomón Rondón
07-08-2015;15/16;Espanyol;Middlesbrough;$3,000,000.00;$4,000,000.00;-25;Cristhian Stuani
06-08-2015;15/16;Northampton;Newcastle;$360,000.00;$150,000.00;140;Ivan Toney
03-08-2015;15/16;SM Caen;Leicester;$9,000,000.00;$4,500,000.00;100;N'Golo Kanté
31-07-2015;15/16;FC Nantes;Aston Villa;$10,000,000.00;$8,000,000.00;25;Jordan Veretout
30-07-2015;15/16;RSC Anderlecht;Newcastle;$12,000,000.00;$8,000,000.00;50;Chancel Mbemba
27-07-2015;15/16;FC Lorient;Aston Villa;$12,000,000.00;$6,000,000.00;100;Jordan Ayew
23-07-2015;15/16;QPR;Crystal Palace;$4,900,000.00;$2,500,000.00;96;Alex McCarthy
21-07-2015;15/16;RSC Anderlecht;Newcastle;$18,500,000.00;$11,000,000.00;68,18;Aleksandar Mitrović
18-07-2015;15/16;OGC Nice;Aston Villa;$11,000,000.00;$4,000,000.00;175;Jordan Amavi
15-07-2015;15/16;Feyenoord;Southampton;$15,000,000.00;$10,000,000.00;50;Jordy Clasie
14-07-2015;15/16;Liverpool;Man City;$63,700,000.00;$40,000,000.00;59,25;Raheem Sterling
13-07-2015;15/16;Stoke City;Chelsea;$11,000,000.00;$12,000,000.00;-8,33;Asmir Begovic
13-07-2015;15/16;Southampton;Man Utd;$35,000,000.00;$28,000,000.00;25;Morgan Schneiderlin
11-07-2015;15/16;PSV;Newcastle;$20,000,000.00;$15,000,000.00;33,33;Georginio Wijnaldum
11-07-2015;15/16;Torino;Man Utd;$18,000,000.00;$12,000,000.00;50;Matteo Darmian
10-07-2015;15/16;Juventus;West Ham;$11,000,000.00;$9,000,000.00;22,22;Angelo Ogbonna
10-07-2015;15/16;Lille;Aston Villa;$9,000,000.00;$7,500,000.00;20;Idrissa Gueye
06-07-2015;15/16;Bursaspor;Man City;$4,400,000.00;$3,200,000.00;37,5;Enes Ünal
03-07-2015;15/16;Huddersfield;Wolves;$2,800,000.00;$750,000.00;273,33;Conor Coady
01-07-2015;15/16;1.FSV Mainz 05;Leicester;$11,000,000.00;$8,000,000.00;37,5;Shinji Okazaki
01-07-2015;15/16;Hannover 96;Stoke City;$8,000,000.00;$6,000,000.00;33,33;Joselu
01-07-2015;15/16;Southampton;Liverpool;$17,700,000.00;$17,000,000.00;4,12;Nathaniel Clyne
01-07-2015;15/16;Sampdoria;West Ham;$6,000,000.00;$8,000,000.00;-25;Pedro Obiang
01-07-2015;15/16;Liverpool;Sunderland;$2,800,000.00;$2,500,000.00;12;Sebastián Coates
01-07-2015;15/16;Sporting;Southampton;$7,000,000.00;$9,500,000.00;-26,32;Cédric Soares
01-07-2015;15/16;Blackburn;Fulham;$4,200,000.00;$3,000,000.00;40;Tom Cairney
01-07-2015;15/16;Málaga CF;Southampton;$7,000,000.00;$7,000,000.00;0;Juanmi
01-07-2015;15/16;Barcelona;Everton;$6,000,000.00;$6,000,000.00;0;Gerard Deulofeu
01-07-2015;15/16;Burnley;Liverpool;$8,300,000.00;$12,000,000.00;-30,83;Danny Ings
01-07-2015;15/16;Midtjylland;Stoke City;$600,000.00;$750,000.00;-20;Jakob Haugaard
01-07-2015;15/16;PSV;Man Utd;$34,000,000.00;$28,000,000.00;21,43;Memphis Depay
01-07-2015;15/16;Charlton;Liverpool;$4,900,000.00;$2,500,000.00;96;Joe Gomez
02-02-2015;14/15;Fiorentina;Chelsea;$31,000,000.00;$32,000,000.00;-3,13;Juan Cuadrado
02-02-2015;14/15;Man Utd;Crystal Palace;$3,800,000.00;$8,000,000.00;-52,5;Wilfried Zaha
01-02-2015;14/15;LOSC Lille;Crystal Palace;$5,300,000.00;$3,500,000.00;51,43;Pape Souaré
28-01-2015;14/15;Villarreal;Arsenal;$15,000,000.00;$8,000,000.00;87,5;Gabriel Paulista
16-01-2015;14/15;HNK Rijeka;Leicester;$9,000,000.00;$4,500,000.00;100;Andrej Kramaric
13-01-2015;14/15;Valencia;Aston Villa;$4,200,000.00;$6,000,000.00;-30;Carles Gil
01-01-2015;14/15;Middlesbrough;Blackburn;$1,130,000.00;$1,000,000.00;13;Jason Steele
01-09-2014;14/15;Ajax;Man Utd;$17,500,000.00;$12,000,000.00;45,83;Daley Blind
01-09-2014;14/15;Man Utd;Arsenal;$20,000,000.00;$17,000,000.00;17,65;Danny Welbeck
01-09-2014;14/15;Salzburg;Southampton;$23,000,000.00;$7,500,000.00;206,67;Sadio Mané
26-08-2014;14/15;Real Madrid;Man Utd;$75,000,000.00;$50,000,000.00;50;Ángel Di María
26-08-2014;14/15;Chelsea U21;Wolves;$1,250,000.00;$1,000,000.00;25;George Saville
25-08-2014;14/15;AC Milan;Liverpool;$20,000,000.00;$27,000,000.00;-25,93;Mario Balotelli
20-08-2014;14/15;Sporting;Man Utd;$20,000,000.00;$12,000,000.00;66,67;Marcos Rojo
13-08-2014;14/15;Sevilla FC;Liverpool;$18,000,000.00;$15,000,000.00;20;Alberto Moreno
11-08-2014;14/15;Porto;Man City;$45,000,000.00;$28,000,000.00;60,71;Eliaquim Mangala
09-08-2014;14/15;Celtic;Southampton;$12,500,000.00;$4,500,000.00;177,78;Fraser Forster
09-08-2014;14/15;Nott'm Forest;Newcastle;$5,000,000.00;$1,000,000.00;400;Karl Darlow
09-08-2014;14/15;Nott'm Forest;Newcastle;$5,000,000.00;$600,000.00;733,33;Jamaal Lascelles
05-08-2014;14/15;Rosenborg;West Brom;$2,400,000.00;$1,000,000.00;140;Cristian Gamboa
30-07-2014;14/15;Chelsea;Everton;$35,360,000.00;$25,000,000.00;41,44;Romelu Lukaku
29-07-2014;14/15;LOSC Lille;Liverpool;$12,630,000.00;$1,000,000.00;1163;Divock Origi
28-07-2014;14/15;Ferencváros;Everton;$4,800,000.00;$2,500,000.00;92;Muhamed Besic
28-07-2014;14/15;Southampton;Arsenal;$20,230,000.00;$2,000,000.00;911,5;Calum Chambers
27-07-2014;14/15;Southampton;Liverpool;$25,300,000.00;$12,000,000.00;110,83;Dejan Lovren
27-07-2014;14/15;Nice;Arsenal;$4,000,000.00;$5,000,000.00;-20;David Ospina
25-07-2014;14/15;Chelsea;Sunderland;$1,900,000.00;$3,500,000.00;-45,71;Patrick van Aanholt
17-07-2014;14/15;Pachuca;West Ham;$15,000,000.00;$1,600,000.00;837,5;Enner Valencia
15-07-2014;14/15;Real Murcia;Middlesbrough;$2,250,000.00;$1,200,000.00;87,5;Kike García
15-07-2014;14/15;Benfica;Liverpool;$25,000,000.00;$10,000,000.00;150;Lazar Markovic
13-07-2014;14/15;Montpellier;Newcastle;$10,000,000.00;$10,000,000.00;0;Rémy Cabella
10-07-2014;14/15;Barcelona;Arsenal;$42,500,000.00;$30,000,000.00;41,67;Alexis Sánchez
09-07-2014;14/15;Hajduk Split;Chelsea;$2,500,000.00;$3,000,000.00;-16,67;Mario Pašalić
08-07-2014;14/15;FC Twente;Southampton;$14,000,000.00;$10,000,000.00;40;Dušan Tadić
03-07-2014;14/15;Ipswich;West Ham;$4,750,000.00;$1,500,000.00;216,67;Aaron Cresswell
01-07-2014;14/15;Southampton;Liverpool;$31,000,000.00;$7,500,000.00;313,33;Adam Lallana
01-07-2014;14/15;FC Porto;Man City;$15,000,000.00;$17,500,000.00;-14,29;Fernando
01-07-2014;14/15;RSC Anderlecht;West Ham;$7,500,000.00;$7,000,000.00;7,14;Cheikhou Kouyaté
01-07-2014;14/15;Athletic Club;Man Utd;$36,000,000.00;$20,000,000.00;80;Ander Herrera
01-07-2014;14/15;Racing Club;Man City;$2,500,000.00;$4,000,000.00;-37,5;Bruno Zuculini
01-07-2014;14/15;Leverkusen;Liverpool;$12,000,000.00;$7,500,000.00;60;Emre Can
01-07-2014;14/15;Newcastle;Fulham;$250,000.00;$750,000.00;-66,67;Adam Taggart
01-07-2014;14/15;Southampton;Man Utd;$37,500,000.00;$13,000,000.00;188,46;Luke Shaw
01-07-2014;14/15;CD Tenerife;Newcastle;$2,000,000.00;$1,000,000.00;100;Ayoze Pérez
31-01-2014;13/14;Wolves;Crystal Palace;$3,650,000.00;$2,500,000.00;46;Wayne Hennessey
31-01-2014;13/14;Saint-Étienne;Chelsea;$14,600,000.00;$7,500,000.00;94,67;Kurt Zouma
26-01-2014;13/14;Basel;Chelsea;$16,500,000.00;$8,500,000.00;94,12;Mohamed Salah
24-01-2014;13/14;Chelsea;Man Utd;$44,730,000.00;$38,000,000.00;17,71;Juan Mata
15-01-2014;13/14;Benfica;Chelsea;$25,000,000.00;$27,000,000.00;-7,41;Nemanja Matić
13-01-2014;13/14;Wigan;Wolves;$360,000.00;$250,000.00;44;Nouha Dicko
11-01-2014;13/14;Le Havre AC;Leicester;$500,000.00;$750,000.00;-33,33;Riyad Mahrez
02-09-2013;13/14;Werder Bremen;Stoke City;$2,800,000.00;$7,000,000.00;-60;Marko Arnautovic
02-09-2013;13/14;Wigan;Everton;$15,300,000.00;$7,500,000.00;104;James McCarthy
02-09-2013;13/14;Paris SG;Liverpool;$19,000,000.00;$15,000,000.00;26,67;Mamadou Sakho
28-08-2013;13/14;Anzhi;Chelsea;$35,500,000.00;$30,000,000.00;18,33;Willian
22-08-2013;13/14;Panathinaikos;Sunderland;$3,000,000.00;$2,000,000.00;50;Charalampos Mavrias
01-08-2013;13/14;NK Zadar;Chelsea;$2,450,000.00;$400,000.00;512,5;Stipe Perica
23-07-2013;13/14;O'Higgins;Chelsea;$1,900,000.00;$75,000.00;2433,33;Cristian Cuevas
19-07-2013;13/14;Fiorentina;Man City;$26,000,000.00;$28,000,000.00;-7,14;Stevan Jovetić
18-07-2013;13/14;Sevilla FC;Crystal Palace;$2,000,000.00;$2,500,000.00;-20;José Campaña
17-07-2013;13/14;Sevilla FC;Man City;$25,000,000.00;$20,000,000.00;25;Álvaro Negredo
09-07-2013;13/14;Atlético;Everton;$4,000,000.00;$3,000,000.00;33,33;Joel Robles
04-07-2013;13/14;Vitesse;Chelsea;$9,400,000.00;$8,000,000.00;17,5;Marco van Ginkel
03-07-2013;13/14;Arsenal;Sunderland;$2,400,000.00;$1,000,000.00;140;Vito Mannone
03-07-2013;13/14;Peterborough;Crystal Palace;$5,300,000.00;$750,000.00;606,67;Dwight Gayle
01-07-2013;13/14;Sevilla FC;Man City;$20,000,000.00;$20,000,000.00;0;Jesús Navas
01-07-2013;13/14;Lyon;Southampton;$10,000,000.00;$7,000,000.00;42,86;Dejan Lovren
01-07-2013;13/14;Sunderland;Liverpool;$10,600,000.00;$5,500,000.00;92,73;Simon Mignolet
01-07-2013;13/14;IFK Göteborg;Sunderland;$1,750,000.00;$1,000,000.00;75;David Moberg Karlsson
01-07-2013;13/14;Celta de Vigo;Liverpool;$10,800,000.00;$9,000,000.00;20;Iago Aspas
01-07-2013;13/14;Aalborg BK;Aston Villa;$1,500,000.00;$1,500,000.00;0;Nicklas Helenius
01-07-2013;13/14;Sevilla FC;Aston Villa;$2,000,000.00;$1,500,000.00;33,33;Antonio Luna
01-07-2013;13/14;Sevilla FC;Liverpool;$8,000,000.00;$5,000,000.00;60;Luis Alberto
31-01-2013;12/13;Birmingham;Stoke City;$3,800,000.00;$1,000,000.00;280;Jack Butland
31-01-2013;12/13;Servette FC;Newcastle;$1,000,000.00;$50,000.00;1900;Kevin Mbabu
31-01-2013;12/13;Barnsley;Everton;$3,500,000.00;$100,000.00;3400;John Stones
30-01-2013;12/13;Inter;Liverpool;$13,000,000.00;$9,000,000.00;44,44;Philippe Coutinho
25-01-2013;12/13;Crystal Palace;Man Utd;$11,750,000.00;$3,500,000.00;235,71;Wilfried Zaha
24-01-2013;12/13;AS Nancy;Newcastle;$2,500,000.00;$2,000,000.00;25;Massadio Haïdara
21-01-2013;12/13;Toulouse;Newcastle;$2,000,000.00;$10,000,000.00;-80;Moussa Sissoko
01-01-2013;12/13;West Brom;Leicester;$1,230,000.00;$1,000,000.00;23;Chris Wood
31-08-2012;12/13;Blackburn;Stoke City;$4,400,000.00;$4,500,000.00;-2,22;Steven Nzonzi
31-08-2012;12/13;Kilmarnock FC;Everton;$250,000.00;$150,000.00;66,67;Matty Kennedy
31-08-2012;12/13;Fiorentina;Man City;$15,200,000.00;$5,500,000.00;176,36;Matija Nastasić
30-08-2012;12/13;VVV-Venlo;Southampton;$2,800,000.00;$1,250,000.00;124;Maya Yoshida
24-08-2012;12/13;Marseille;Chelsea;$8,800,000.00;$7,500,000.00;17,33;César Azpilicueta
24-08-2012;12/13;Wigan;Chelsea;$11,500,000.00;$6,500,000.00;76,92;Victor Moses
24-08-2012;12/13;Bristol City;Crystal Palace;$630,000.00;$250,000.00;152;Yannick Bolasie
15-08-2012;12/13;U. de Chile;Man Utd;$5,500,000.00;$150,000.00;3566,67;Ángelo Henríquez
10-08-2012;12/13;Swansea;Liverpool;$19,000,000.00;$4,000,000.00;375;Joe Allen
07-08-2012;12/13;Málaga CF;Arsenal;$19,000,000.00;$20,000,000.00;-5;Santi Cazorla
24-07-2012;12/13;Lens;Chelsea;$500,000.00;$500,000.00;0;Thorgan Hazard
18-07-2012;12/13;Crystal Palace;Southampton;$3,200,000.00;$2,000,000.00;60;Nathaniel Clyne
17-07-2012;12/13;Leeds;Bolton;$320,000.00;$500,000.00;-36;Andy Lonergan
06-07-2012;12/13;Rangers;Southampton;$1,000,000.00;$5,000,000.00;-80;Steven Davis
01-07-2012;12/13;1.FC Köln;Arsenal;$15,000,000.00;$20,000,000.00;-25;Lukas Podolski
01-07-2012;12/13;Burnley;Southampton;$8,650,000.00;$5,000,000.00;73;Jay Rodríguez
01-07-2012;12/13;Man Utd;Leicester;$1,250,000.00;$1,250,000.00;0;Ritchie De Laet
01-07-2012;12/13;Dortmund;Man Utd;$16,000,000.00;$22,000,000.00;-27,27;Shinji Kagawa
01-07-2012;12/13;Montpellier;Arsenal;$12,000,000.00;$13,000,000.00;-7,69;Olivier Giroud
01-07-2012;12/13;Portsmouth;Crystal Palace;$650,000.00;$1,000,000.00;-35;Joel Ward
01-07-2012;12/13;Fleetwood;Leicester;$1,240,000.00;$100,000.00;1140;Jamie Vardy
31-01-2012;11/12;Genk;Chelsea;$8,000,000.00;$9,000,000.00;-11,11;Kevin De Bruyne
26-01-2012;11/12;New York;Bolton;$3,100,000.00;$250,000.00;1140;Tim Ream
20-01-2012;11/12;São Paulo;Chelsea;$7,500,000.00;$7,500,000.00;0;Lucas Piazón
31-08-2011;11/12;Nacional;Liverpool;$12,000,000.00;$2,500,000.00;380;Sebastián Coates
24-08-2011;11/12;Valencia;Chelsea;$26,700,000.00;$26,000,000.00;2,69;Juan Mata
08-08-2011;11/12;RSC Anderlecht;Chelsea;$15,000,000.00;$15,000,000.00;0;Romelu Lukaku
08-08-2011;11/12;Southampton;Arsenal;$13,800,000.00;$2,500,000.00;452;Alex Oxlade-Chamberlain
04-08-2011;11/12;Barcelona B;Chelsea;$4,600,000.00;$2,500,000.00;84;Oriol Romeu
26-07-2011;11/12;Genk;Chelsea;$8,950,000.00;$4,000,000.00;123,75;Thibaut Courtois
25-07-2011;11/12;US Palermo;Fulham;$1,600,000.00;$2,100,000.00;-23,81;Pajtim Kasami
07-07-2011;11/12;Chelsea Res.;Southampton;$840,000.00;$1,000,000.00;-16;Jack Cork
06-07-2011;11/12;Partizan;Man City;$12,000,000.00;$6,000,000.00;100;Stefan Savic
01-07-2011;11/12;Aston Villa;Man Utd;$18,000,000.00;$18,000,000.00;0;Ashley Young
01-07-2011;11/12;Leeds;Leicester;$1,680,000.00;$1,000,000.00;68;Kasper Schmeichel
01-07-2011;11/12;Atlético;Man Utd;$25,000,000.00;$12,000,000.00;108,33;David de Gea
01-07-2011;11/12;Sunderland;Liverpool;$18,000,000.00;$8,500,000.00;111,76;Jordan Henderson
01-07-2011;11/12;Chunnam Dragons;Sunderland;$2,400,000.00;$900,000.00;166,67;Dong-won Ji
31-01-2011;10/11;Ajax;Liverpool;$26,500,000.00;$25,000,000.00;6;Luis Suárez
28-01-2011;10/11;Iraklis;Everton;$300,000.00;$600,000.00;-50;Apostolos Vellios
07-01-2011;10/11;Wolfsburg;Man City;$37,000,000.00;$30,000,000.00;23,33;Edin Dzeko
31-08-2010;10/11;Rochdale;West Brom;$300,000.00;$200,000.00;50;Craig Dawson
17-08-2010;10/11;Aston Villa;Man City;$22,000,000.00;$20,000,000.00;10;James Milner
12-08-2010;10/11;Inter;Man City;$29,500,000.00;$26,000,000.00;13,46;Mario Balotelli
01-08-2010;10/11;Vit. Guimarães;Man Utd;$8,800,000.00;$100,000.00;8700;Bebé
01-07-2010;10/11;Hamburger SV;Man City;$12,500,000.00;$15,000,000.00;-16,67;Jérôme Boateng
01-07-2010;10/11;Sint-Truiden;Sunderland;$2,500,000.00;$2,500,000.00;0;Simon Mignolet
01-07-2010;10/11;Livingston FC;Middlesbrough;$225,000.00;$150,000.00;50;Andy Halliday
01-07-2010;10/11;Charlton;Liverpool;$2,000,000.00;$950,000.00;110,53;Jonjo Shelvey
01-07-2010;10/11;Fulham;Man Utd;$8,000,000.00;$2,000,000.00;300;Chris Smalling
01-07-2010;10/11;Rangers;Liverpool;$2,750,000.00;$1,000,000.00;175;Danny Wilson
01-02-2010;09/10;Portsmouth;Stoke City;$3,750,000.00;$1,500,000.00;150;Asmir Begovic
09-01-2010;09/10;Crystal Palace;Southampton;$1,400,000.00;$1,500,000.00;-6,67;José Fonte
18-08-2009;09/10;MFK Kosice;Chelsea;$1,750,000.00;$1,500,000.00;16,67;Nemanja Matić
14-08-2009;09/10;FC Seoul;Bolton;$2,500,000.00;$2,000,000.00;25;Chung-yong Lee
01-07-2009;09/10;Amiens SC;Blackburn;$580,000.00;$700,000.00;-17,14;Steven Nzonzi
08-01-2009;08/09;Stoke City;Man Utd;$250,000.00;$300,000.00;-16,67;Ritchie De Laet
01-01-2009;08/09;Partizan;Man Utd;$7,000,000.00;$4,250,000.00;64,71;Zoran Tosic
01-01-2009;08/09;Sligo Rovers;Everton;$70,000.00;$125,000.00;-44;Séamus Coleman
29-08-2008;08/09;Newcastle;Aston Villa;$15,000,000.00;$8,750,000.00;71,43;James Milner
18-07-2008;08/09;Liverpool;West Brom;$4,000,000.00;$6,000,000.00;-33,33;Scott Carson
01-07-2008;08/09;R. Strasbourg;Southampton;$1,500,000.00;$1,200,000.00;25;Morgan Schneiderlin
31-08-2007;07/08;Royal Antwerp;Stoke City;$150,000.00;$300,000.00;-50;Ritchie De Laet
08-08-2007;07/08;Heart of Midl.;Sunderland;$10,820,000.00;$6,000,000.00;80,33;Craig Gordon
02-07-2007;07/08;Sporting;Man Utd;$25,500,000.00;$25,000,000.00;2;Nani
01-07-2007;07/08;Aston Villa;Fulham;$5,900,000.00;$4,600,000.00;28,26;Steven Davis
01-07-2007;07/08;Legia Warszawa;Arsenal;$4,350,000.00;$2,500,000.00;74;Lukasz Fabianski
23-01-2007;06/07;Watford;Aston Villa;$13,200,000.00;$6,500,000.00;103,08;Ashley Young
01-07-2006;06/07;Shrewsbury;Man City;$900,000.00;$250,000.00;260;Joe Hart
04-07-2005;05/06;Villarreal;Liverpool;$9,800,000.00;$4,500,000.00;117,78;Pepe Reina
01-07-2005;05/06;Cambridge Utd.;Everton;$375,000.00;$350,000.00;7,14;John Ruddy
21-01-2005;04/05;Leeds;Liverpool;$1,400,000.00;$750,000.00;86,67;Scott Carson
